,,,,,Mon,,,Tue,,,Wed,,,Thu,,,Fri,,,Sat,,,Sun
title,day,max_views,,title,max_views,,title,max_views,,title,max_views,,title,max_views,,title,max_views,,title,max_views,,title,max_views
러시아의_우크라이나_군사_개입_(2014년_~_현재),Fri,2335,,인,23,,2014년_동계_올림픽,77,,2004년_하계_올림픽_메달_집계,51,,2022년_FIFA_월드컵,257,,1954년_크림반도_이양,30,,2024년_대한민국의_텔레비전_드라마_목록,46,,1970년_메이저_리그_베이스볼_시즌,24
돈바스_전쟁,Fri,1161,,2020년_엘라지_지진,22,,2023년,26,,2004년_하계_올림픽_미국_선수단,27,,2024년_대한민국의_텔레비전_드라마_목록,47,,2013년_12월_1일_유로마이단_봉기,90,,2024년_크로쿠스_시티홀_테러,66,,1971년_메이저_리그_베이스볼_시즌,26
2014년_러시아의_우크라이나_군사_개입,Fri,749,,2023년_AFC_아시안컵_선수_명단,53,,2026년_FIFA_월드컵_아시아_지역_2차_예선,36,,2015년,29,,2026년_FIFA_월드컵_아시아_지역_2차_예선,36,,2014년_러시아의_우크라이나_군사_개입,749,,7인의_부활,27,,1972년_메이저_리그_베이스볼_시즌,22
2014년_우크라이나_총선,Fri,629,,4·19_혁명,45,,2026년_FIFA_월드컵_아시아_지역_예선,36,,2024년_미국_대통령_선거,26,,2026년_FIFA_월드컵_아시아_지역_예선,48,,2014년_우크라이나_총선,629,,OC_트랜스포,31,,1974년_메이저_리그_베이스볼_시즌,22
양정아,Mon,488,,4행정_기관,36,,2032년_하계_올림픽,29,,2026년_FIFA_월드컵,35,,4·19_혁명,45,,2014년_크림_주민투표,27,,계양구_을,54,,1975년_메이저_리그_베이스볼_시즌,27
말레이시아,Tue,453,,5·18_광주_민주화_운동,55,,2036년_하계_올림픽,74,,2026년_FIFA_월드컵_아시아_지역_2차_예선,76,,5·18_광주_민주화_운동,52,,2014년_흐루셰우스키_가_봉기,23,,관암사,25,,1977년_메이저_리그_베이스볼_시즌,24
강미정,Tue,398,,6월_민주_항쟁,40,,4·19_혁명,29,,2026년_FIFA_월드컵_아시아_지역_예선,183,,6월_민주_항쟁,67,,2019년_우크라이나_총선,75,,구글_번역,26,,1978년_메이저_리그_베이스볼_시즌,22
Dancing_on_the_Ceiling,Tue,366,,ASCII,51,,5_Seconds_of_Summer_(음반),118,,2026년_FIFA_월드컵_예선,69,,ASCII,40,,2024년_대한민국의_텔레비전_드라마_목록,26,,김영주_(1955년),60,,2024년_대한민국의_텔레비전_드라마_목록,45
드레이크_(가수),Wed,346,,ChatGPT,42,,5·18_광주_민주화_운동,50,,4·19_혁명,27,,C_(프로그래밍_언어),22,,2026년_FIFA_월드컵_아시아_지역_2차_예선,48,,나상도,49,,9·11_테러,28
데이비드_베컴,Fri,320,,GPT_(언어_모델),34,,6.25_전쟁,136,,5·18_광주_민주화_운동,68,,ChatGPT,46,,2026년_FIFA_월드컵_아시아_지역_예선,120,,다음,30,,N번방_사건,31
큐넷,Tue,299,,Hey_Mama,26,,6월_민주_항쟁,36,,6월_민주_항쟁,45,,CSS,27,,2026년_FIFA_월드컵_예선,39,,대니_구,22,,강감찬,25
시리아_내전,Tue,296,,ISO_8601,23,,All_the_Way..._A_Decade_of_Song,65,,ASCII,67,,FC_바르셀로나,30,,3·1_운동,59,,대한민국,23,,강서구_을,24
간토_대지진,Fri,290,,J._로버트_오펜하이머,24,,ASCII,54,,Break_the_Spell,35,,HTML,30,,3·1절,109,,대한민국_제21대_국회의원_선거,22,,계약,158
2022년_FIFA_월드컵,Thu,257,,KS_X_1001의_특수_문자,23,,Back_to_Black,82,,ChatGPT,43,,HTML5,33,,4·19_혁명,51,,대한민국_제22대_국회의원_선거,24,,과몰입_인생사,87
아르세니_야체뉴크,Fri,256,,ORCID,65,,BTB_용액,35,,DAMN.,83,,KS_X_1001의_특수_문자,23,,5·18_광주_민주화_운동,49,,로드_하우스_(2024년_영화),29,,구글_번역,32
아프가니스탄_전쟁_(2001년~2021년),Mon,219,,Stdio.h,29,,ChatGPT,40,,"Good_kid,_m.A.A.d_city",194,,TCP/UDP의_포트_목록,24,,6월_민주_항쟁,69,,류준열,44,,김보협,51
PJ_하비,Fri,209,,TCP/UDP의_포트_목록,22,,Dancing_on_the_Ceiling,366,,HTML,41,,가운뎃점,24,,ASCII,60,,몰로키야,22,,김새론,48
로제타석,Wed,204,,강감찬,81,,Dangerous_(마이클_잭슨의_음반),48,,I_(켄드릭_라마의_노래),27,,개혁신당_(2024년),24,,ChatGPT,43,,미녀와_순정남,39,,김영주_(1955년),29
"Good_kid,_m.A.A.d_city",Wed,194,,강릉탄전,60,,Falling_into_You,44,,Kendrick_Lamar_EP,23,,경찰_계급,24,,GPT_(언어_모델),23,,부활절,38,,김형권,24
리아_(대한민국의_가수),Mon,194,,강지영_(아나운서),24,,GHV2,62,,OPML,26,,고사리,22,,KS_X_1001의_특수_문자,24,,서천군수,26,,다음,28
2026년_FIFA_월드컵_아시아_지역_예선,Wed,183,,개혁신당_(2024년),24,,Girlfriend_(에이브릴_라빈의_노래),23,,Q_인자,82,,공학,36,,MZ세대,25,,셀린_송,23,,대한민국,23
정준영,Tue,183,,계양구_을,31,,Harry_Styles_(음반),85,,Section.80,45,,광화문,72,,PJ_하비,209,,스페인_독감,22,,미녀와_순정남,25
홍영표,Wed,179,,광산구_갑,26,,IUPAC_명명법,36,,To_Pimp_a_Butterfly,175,,구글,39,,TCP/UDP의_포트_목록,35,,아일릿,37,,부활절,34
박은정_(검사),Thu,178,,광산구_을,47,,KS_X_1001의_특수_문자,28,,가운뎃점,26,,구글_번역,51,,간토_대지진,290,,에펨코리아,47,,분열조직,60
김영주_(1955년),Mon,177,,구글,46,,The_Eminem_Show,38,,강미정,65,,구글_클래스룸,23,,강북구_을,85,,원더풀_월드,28,,스즈키_아유미,45
To_Pimp_a_Butterfly,Wed,175,,구글_번역,46,,The_Game_(퀸의_음반),75,,강민영_(배우),28,,구글의_이스터_에그_목록,143,,개혁신당_(2024년),31,,윤덕영,25,,아일릿,24
윌리엄_볼드윈,Wed,171,,구글의_이스터_에그_목록,105,,가운뎃점,27,,공학,44,,국가별_국가_코드_목록,52,,계양구_을,29,,이우리,28,,양정아,25
계약,Sun,158,,국가별_국가_코드_목록,57,,강감찬,38,,구글,41,,권도형,40,,고양이,25,,이한복_(춘천_기업인),27,,에펨코리아,45
구글의_이스터_에그_목록,Fri,154,,군단병,72,,강미정,398,,구글_번역,37,,그림판,51,,과학,23,,전현희,25,,이정후,26
서양의_고대_음악,Thu,153,,권도형,25,,강선영,28,,구글_클래스룸,28,,기계_번역,58,,구글,42,,조국_(법학자),45,,이화림,47
용인시_정,Fri,153,,귀주_대첩,36,,강선영_(군인),52,,구글의_이스터_에그_목록,125,,기동전사_건담_SEED_FREEDOM,25,,구글_번역,31,,조국혁신당,26,,제11기_최고인민회의_대의원_선거,24
트리고니아과,Wed,152,,그레타_리,23,,강유정_(평론가),33,,국가별_국가_코드_목록,46,,기후변화,29,,구글의_이스터_에그_목록,154,,종려주일,49,,제12기_최고인민회의_대의원_선거,40
조국_(법학자),Fri,152,,그림판,46,,게티즈버그_연설,31,,국제_행복의_날,48,,김부남_사건,87,,국가별_국가_코드_목록,53,,최경용,34,,조국_(법학자),25
국제_여성의_날,Fri,148,,기술,24,,겨울철의_별자리,29,,그림판,31,,김영옥_(배우),102,,국제_기념일,29,,치지직,24,,조국혁신당,56
정서주,Fri,147,,기후변화에_관한_유엔_기본_협약,31,,경복궁,22,,김건희,22,,김태형_(정치인),24,,국제_남성의_날,53,,카카오톡,29,,종려주일,36
구글의_이스터_에그_목록,Thu,143,,김건희,23,,경칩,22,,김선민,32,,나눗셈_정리,22,,국제_여성의_날,148,,쿠팡,27,,주기율표,28
정은채,Thu,139,,김수현_(1988년),28,,계산기,25,,김선민_(건강보험심사평가원장),71,,넷_아트,31,,국제전화_국가_번호,26,,토렌트,26,,지구_온난화,40
김영옥_(배우),Wed,137,,김승수_(배우),28,,계양구_을,24,,김영옥_(배우),137,,노인과_바다,22,,권도형,49,,파묘,29,,최경용,30
6.25_전쟁,Tue,136,,김신영,30,,고양시_정,24,,김영주_(1955년),27,,노정현,27,,그림판,31,,포인트로버츠,25,,쿠팡,26
김준형_(교수),Wed,136,,김영주,40,,구글,42,,김준형_(교수),136,,다음,49,,기계_번역,26,,한국교육방송공사,33,,파묘,40
이집트,Wed,135,,김영주_(1955년),177,,구글_번역,38,,노트르담_대성당,37,,다트머스_회의,32,,김보협,105,,호산나,23,,평균값_정리,21
조두순,Tue,133,,김영춘_(1962년),24,,구글_클래스룸,22,,눈물의_여왕,25,,대한민국,46,,김영삼,56,,황상무,37,,한국교육방송공사,33
구글의_이스터_에그_목록,Tue,133,,김주하,28,,구글의_이스터_에그_목록,133,,다음,48,,대한민국_제21대_국회의원_선거,55,,나라장터,24,,총합계,1372,,총합계,1530
전혜숙,Mon,129,,김주하_(배구_선수),75,,국가별_국가_코드_목록,54,,대한간호조무사협회,26,,대한민국_제21대_국회의원_선거_더불어민주당_후보_목록,25,,나트륨,22,,,,,,
에바_가드너,Wed,128,,김지원_(배우),23,,국제전화_국가_번호,32,,대한민국,55,,대한민국_제22대_국회의원_선거,74,,노보로시야_연방국,42,,,,,,
인공지능,Tue,128,,나무위키,25,,권향엽,27,,대한민국_제21대_국회의원_선거,58,,대한민국_제22대_국회의원_선거_여론_조사,22,,노보시비르스크,93,,,,,,
안창호,Wed,128,,남대정,51,,그림판,42,,대한민국_제21대_국회의원_선거_더불어민주당_후보_목록,26,,대한민국의_국가,40,,다음,75,,,,,,
구글의_이스터_에그_목록,Wed,125,,남희석,77,,김동훈_(배우),29,,대한민국_제21대_국회의원_선거_비례대표_배분_방법,22,,대한민국의_국민연금,34,,대한민국,41,,,,,,
이라크_레반트_이슬람_국가,Tue,123,,네기시_에이이치,36,,김보라_(배우),78,,대한민국_제22대_국회의원_선거,61,,대한민국의_대통령_목록,43,,대한민국_제21대_국회의원_선거,40,,,,,,
2026년_FIFA_월드컵_아시아_지역_예선,Fri,120,,넬슨_만델라,34,,김영옥_(배우),47,,대한민국의_국민연금,25,,대한민국의_인구순_도시_목록,27,,대한민국_제21대_국회의원_선거_더불어민주당_후보_목록,24,,,,,,
박기량_(치어리더),Mon,118,,노자,33,,김영주_(1955년),70,,대한민국의_국회의원_선거구_목록,39,,대한민국의_인터넷_신조어_목록,22,,대한민국_제22대_국회의원_선거,40,,,,,,
5_Seconds_of_Summer_(음반),Tue,118,,노환규,27,,김주하_(배구_선수),30,,대한민국의_대통령_목록,61,,대한민국의_행정_구역,28,,대한민국의_국가,28,,,,,,
정봉주,Fri,117,,눈물의_여왕,44,,깨진_유리창_이론,23,,대한민국의_아카데미_국제영화상_출품작,55,,로마_숫자,39,,대한민국의_국민연금,30,,,,,,
불확정성_원리,Tue,117,,다니엘_튜더,28,,남희석,23,,대한민국의_정보_보안_사고_목록,30,,마이크로프로세서,60,,대한민국의_대통령_목록,44,,,,,,
임상시험,Fri,115,,다음,46,,니콜라_테슬라,26,,대한민국의_행정_구역,46,,메타버스,33,,대한민국의_행정_구역,30,,,,,,
도널드_커누스,Tue,115,,대한민국,56,,다마스쿠스_전투_(2012년),35,,도태우,52,,미노이,23,,데이비드_베컴,320,,,,,,
황상무,Mon,110,,대한민국_제21대_국회의원_선거,33,,다음,73,,드레이크_(가수),346,,박광온,27,,도태우,49,,,,,,
3·1절,Fri,109,,대한민국_제21대_국회의원_선거_더불어민주당_후보_목록,24,,다이슨구,39,,로마_숫자,41,,박은정,43,,독일,30,,,,,,
주기율표,Mon,105,,대한민국_제21대_국회의원_선거_비례대표_배분_방법,32,,대한민국,47,,로버트_에번스,33,,박은정_(검사),178,,돈바스_전쟁,1161,,,,,,
김보협,Fri,105,,대한민국_제22대_국회의원_선거,56,,대한민국_제21대_국회의원_선거,48,,로제타석,204,,박정희,22,,디지털_리터러시,23,,,,,,
구글의_이스터_에그_목록,Mon,105,,대한민국_축구_국가대표팀,93,,대한민국_제21대_국회의원_선거_더불어민주당_후보_목록,31,,모스크바,40,,박찬홍,22,,러시아의_우크라이나_군사_개입_(2014년_~_현재),2335,,,,,,
정봉주,Thu,104,,대한민국의_국민연금,40,,대한민국_제21대_국회의원_선거_비례대표_배분_방법,30,,문화대혁명,24,,배타적_경제_수역,28,,로드_하우스_(2024년_영화),50,,,,,,
폴란드,Mon,103,,대한민국의_국회의원_선거구_목록,30,,대한민국_제22대_국회의원_선거,46,,미국,22,,배현진,25,,로마_숫자,33,,,,,,
김영옥_(배우),Thu,102,,대한민국의_대통령_목록,28,,대한민국의_국민연금,51,,미노이,73,,백두진,36,,리히텐슈타인,50,,,,,,
아메리칸_스나이퍼,Mon,99,,대한민국의_행정_구역,32,,대한민국의_대통령_목록,52,,박용진_(정치인),22,,베이스64,23,,메타버스,27,,,,,,
조국혁신당,Fri,99,,디지몬_고스트_게임,28,,대한민국의_행정_구역,36,,박정희,23,,별이_빛나는_우리,25,,모리_히카리,81,,,,,,
바르슈_프나르_작전,Tue,99,,딥페이크,22,,덕덕고,23,,박진섭_(1995년),22,,본초_자오선,25,,몬테네그로,25,,,,,,
하남시_(선거구),Fri,96,,러브캐처,23,,도널드_커누스,115,,방송통신고등학교,49,,브로슈어,23,,문미옥,39,,,,,,
이해민,Mon,95,,로마_숫자,41,,도리아_(음식),27,,배임죄,38,,비례대표제,29,,문용식,31,,,,,,
특례시_(대한민국),Mon,94,,류준열,52,,도태우,38,,베트남,23,,빅_데이터,46,,미노이,32,,,,,,
춘분,Wed,94,,리아_(대한민국의_가수),194,,드래곤볼,25,,보고타,83,,사물인터넷,39,,미스트롯_3,23,,,,,,
대한민국_축구_국가대표팀,Mon,93,,명진,22,,드미트리_멘델레예프,26,,볼티모어,24,,산소,27,,민족대표_33인,22,,,,,,
노보시비르스크,Fri,93,,무안군수,74,,딥페이크,23,,봄,25,,삼성초등학교_(제주),45,,민주동맹_(우크라이나),44,,,,,,
인공지능,Wed,91,,문익환,28,,레반트_자유인민위원회,52,,부평구_을,40,,삼체,23,,바이낸스,29,,,,,,
인공지능,Fri,91,,미녀와_순정남,23,,로마_숫자,44,,부활절,23,,새로운미래,39,,박기량_(치어리더),29,,,,,,
주기율표,Wed,90,,박기량_(치어리더),118,,류준열,44,,빅_데이터,46,,서양의_고대_음악,153,,박은정_(검사),47,,,,,,
2013년_12월_1일_유로마이단_봉기,Fri,90,,박은정_(검사),28,,리아_(대한민국의_가수),29,,빈센트_반_고흐,33,,서윤아,29,,박일호,64,,,,,,
이탈리아_축구_국가대표팀,Mon,90,,박지은_(작가),27,,말레이시아,453,,사물인터넷,42,,셀린_송,27,,박재홍_(아나운서),33,,,,,,
정호연_(축구_선수),Mon,88,,베트남,31,,망치고등어,22,,사이버_폭력,22,,소프트웨어,24,,박정희,22,,,,,,
주기율표,Fri,88,,베트남의_국기,22,,맥_OS_X_레퍼드,55,,산소,29,,손흥민,28,,박준희_(가수),22,,,,,,
과몰입_인생사,Sun,87,,비례대표제,25,,멜버른,49,,삼체,22,,수소,31,,배아현,22,,,,,,
김부남_사건,Thu,87,,빅_데이터,32,,멱살_한번_잡힙시다,29,,성남시_분당구_갑,25,,수학_기호,25,,백남준,22,,,,,,
처인고등학교,Tue,86,,빈센트_반_고흐,22,,문화대혁명,22,,세월호_침몰_사고,23,,아스피린,23,,베트남,29,,,,,,
강북구_을,Fri,85,,사물인터넷,32,,미필적_고의,23,,소셜_로봇,28,,아일릿,42,,부동소수점,28,,,,,,
Harry_Styles_(음반),Tue,85,,산소,27,,밀도,23,,손석구,23,,안귀령,22,,부천시_갑,32,,,,,,
보고타,Wed,83,,삼체,32,,바르슈_프나르_작전,99,,손준호_(축구_선수),32,,안민석,30,,부활절,39,,,,,,
DAMN.,Wed,83,,삼체_(소설),25,,바이낸스,22,,수학_기호,31,,알리익스프레스,25,,블라디미르_푸틴,63,,,,,,
Q_인자,Wed,82,,상용_소프트웨어,37,,바이트,23,,스펙트럼,25,,양정아,25,,빅_데이터,46,,,,,,
화이트데이,Thu,82,,상주시,23,,박덕흠,49,,슬리버,81,,양향자,25,,빈센트_반_고흐,22,,,,,,
인공지능,Mon,82,,새로운미래,23,,박동규,25,,시민_단체,31,,에펨코리아,26,,빛의_속력,79,,,,,,
윤진이,Tue,82,,서승진,29,,박목월,37,,아이피큐,25,,엔비디아,27,,사물인터넷,40,,,,,,
Back_to_Black,Tue,82,,성_김,29,,박성중,66,,아일릿,49,,엘리자베스_2세,23,,사순절,26,,,,,,
모리_히카리,Fri,81,,성남시_분당구_갑,29,,박은정_(검사),56,,안창호,128,,영등포구_갑,39,,산_칼리스토의_카타콤베,40,,,,,,
강감찬,Mon,81,,세종특별자치시_갑,26,,박정희,29,,앨릭_볼드윈,30,,오재원,60,,산소,28,,,,,,
슬리버,Wed,81,,셀린_송,35,,버닝썬_게이트,42,,양정아,31,,오타니_쇼헤이,24,,상나라,28,,,,,,
조국_(법학자),Tue,79,,손재학_(1961년),24,,베슬_(구조물),24,,에릭_카먼,23,,용혜인,25,,상속_(불교),35,,,,,,
빛의_속력,Fri,79,,수소,25,,보이차,25,,에바_가드너,128,,원소_목록,29,,상용_소프트웨어,25,,,,,,
김보라_(배우),Tue,78,,숙명여자대학교,51,,북부태양대대,47,,에펠탑,22,,원주율,49,,새로운미래,50,,,,,,
아일릿,Tue,78,,실리콘_밸리,24,,불확정성_원리,117,,에펨코리아,65,,윤석열,43,,석회암,24,,,,,,
남희석,Mon,77,,싱가포르,30,,비례대표제,40,,엔비디아,41,,이승만,40,,성금요일,58,,,,,,
2014년_동계_올림픽,Tue,77,,아두이노,29,,비비_(대한민국의_가수),26,,영국,66,,이종섭_(군인),55,,세월호_침몰_사고,30,,,,,,
안귀령,Tue,77,,아메리칸_스나이퍼,99,,빅_데이터,53,,옌스_야코브_베르셀리우스,22,,인공지능,57,,센트럴_디비전_(MLS),45,,,,,,
2026년_FIFA_월드컵_아시아_지역_2차_예선,Wed,76,,아일릿,26,,사물인터넷,68,,오스트레일리아,29,,일본,25,,소프트웨어의_종류,23,,,,,,
다음,Fri,75,,아카데미상,39,,산소,31,,오재원,30,,자바스크립트,23,,손명순,59,,,,,,
전공의,Mon,75,,아테네_학당,26,,서초구_을,33,,용혜인,25,,장프랑수아_밀레,25,,수학_기호,23,,,,,,
The_Game_(퀸의_음반),Tue,75,,아프가니스탄_전쟁_(2001년~2021년),219,,성남시_분당구_갑,22,,원소_목록,29,,전종서,22,,스노보드,25,,,,,,
조국_(법학자),Thu,75,,안양시_동안구의_국회의원,41,,세월호_침몰_사고,38,,윌리엄_볼드윈,171,,정보화_사회,39,,시민의_입장,58,,,,,,
임창용,Mon,75,,안중근,69,,소프트웨어,31,,유영하,33,,정봉주,104,,신성훈,27,,,,,,
김주하_(배구_선수),Mon,75,,알리익스프레스,27,,소프트웨어의_종류,23,,윤동주,38,,정은채,139,,신세계그룹,43,,,,,,
2019년_우크라이나_총선,Fri,75,,양문석,25,,수성,37,,윤석열,26,,제4차_산업혁명,23,,실리콘_밸리,23,,,,,,
무안군수,Mon,74,,양자_컴퓨터,22,,수소,23,,윤종용,36,,제곱미터,35,,싱가포르,34,,,,,,
주기율표,Tue,74,,양정아,488,,수지맞은_우리,33,,윤태영_(배우),40,,젠슨_황,57,,아르세니_야체뉴크,256,,,,,,
대한민국_제22대_국회의원_선거,Thu,74,,업비트,28,,수학_기호,26,,이승만,35,,젠트,24,,아일릿,32,,,,,,
2036년_하계_올림픽,Tue,74,,에탄올,34,,스마트폰,27,,이어도,32,,조국_(법학자),75,,안귀령,27,,,,,,
미노이,Wed,73,,에펠탑,22,,시리아_내전,296,,이종섭_(군인),32,,조국혁신당,69,,안규백,34,,,,,,
다음,Tue,73,,에펨코리아,31,,시리아_수정운동,46,,이집트,135,,조두순,69,,안중근,25,,,,,,
군단병,Mon,72,,엠마_스톤,29,,신동욱_(방송인),57,,이혜훈,45,,조배숙,42,,알리익스프레스,22,,,,,,
광화문,Thu,72,,염화_수소,22,,신정론,33,,인공지능,91,,조선민주주의인민공화국,27,,야권전선_(2019년),68,,,,,,
젠슨_황,Wed,72,,영등포구_갑,51,,싱가포르,25,,임유진_(1981년),26,,조수진_(정치인),23,,양정아,31,,,,,,
김선민_(건강보험심사평가원장),Wed,71,,오마초등학교,28,,아이작_뉴턴,22,,잉글랜드_웨일스,24,,종려주일,26,,언젠가는_슬기로울_전공의생활,35,,,,,,
황대헌,Mon,71,,오스트레일리아의_날,29,,아이폰,36,,저우샤오한,48,,주기율표,68,,에펨코리아,37,,,,,,
김영주_(1955년),Tue,70,,오지영_(배구_선수),43,,아일릿,78,,전두환,24,,지구,22,,엔비디아,31,,,,,,
카카오톡,Mon,70,,오컬트,32,,안귀령,77,,정보과학,65,,지구_온난화,44,,영국,22,,,,,,
조국혁신당,Tue,70,,오펜하이머_(영화),31,,안젤리나_졸리,39,,정보사_언론_테러_사건,49,,지능형_에이전트,23,,오스트레일리아,31,,,,,,
안중근,Mon,69,,요한_볼프강_되베라이너,27,,안중근,22,,정보화_사회,42,,지층,22,,오재원,29,,,,,,
한주현_(배우),Mon,69,,용인시_정,33,,안창호,22,,정봉주,52,,착용_컴퓨터,39,,오타니_쇼헤이,34,,,,,,
조국혁신당,Thu,69,,원소_(화학),43,,알리익스프레스,22,,정준영,25,,최대식,48,,용인시_갑,27,,,,,,
6월_민주_항쟁,Fri,69,,원소_목록,45,,앙리_마티스,24,,제4차_산업혁명,27,,카카오톡,43,,용인시_병,35,,,,,,
조두순,Thu,69,,윌리엄_모리스,29,,앨런_튜링,22,,제곱미터,42,,컴퓨터_하드웨어,49,,용인시_을,65,,,,,,
2026년_FIFA_월드컵_예선,Wed,69,,유승준,36,,양산시장,27,,제윤경,23,,쿠팡,43,,용인시_정,153,,,,,,
주기율표,Thu,68,,윤석열,23,,양정아,55,,젠슨_황,72,,크리스_프랫,40,,우익_섹터,39,,,,,,
5·18_광주_민주화_운동,Wed,68,,이명재_(축구_선수),27,,에탄올,22,,조국_(법학자),59,,키루스_원통,23,,원소_목록,33,,,,,,
사물인터넷,Tue,68,,이승만,27,,에펨코리아,55,,조국혁신당,47,,파이썬,38,,원주율,24,,,,,,
야권전선_(2019년),Fri,68,,이승우_(축구_선수),22,,엔비디아,25,,조선민주주의인민공화국,25,,푸젠성,25,,유관순,33,,,,,,
ASCII,Wed,67,,이우리,25,,엔젤로보틱스,25,,조수진_(정치인),39,,프랑크푸르트암마인_공항,32,,윤동주,28,,,,,,
허은아,Thu,67,,이탈리아_축구_국가대표팀,90,,영등포구_갑,34,,주기율표,90,,피라미드_게임_(드라마),33,,이국종,24,,,,,,
6월_민주_항쟁,Thu,67,,이해민,95,,오지혜,33,,증강_현실,23,,하버법,25,,이낙연,22,,,,,,
티로신_(아미노산),Mon,67,,인공지능,82,,오타니_쇼헤이,23,,지구,37,,한국교육방송공사,37,,이명희_(1943년),23,,,,,,
2024년_크로쿠스_시티홀_테러,Sat,66,,임창용,75,,오현경_(1936년),30,,지구_온난화,29,,한국신용정보원,22,,이선주,23,,,,,,
박성중,Tue,66,,전공의,75,,용감무쌍_용수정,34,,지층,27,,한동훈_(법조인),45,,이승만,27,,,,,,
영국,Wed,66,,전국노래자랑,49,,용기의_부대,29,,창의성,22,,해바라기,23,,이육사,24,,,,,,
정보과학,Wed,65,,전두환,23,,용혜인,37,,척준경,26,,해상도,25,,이종섭_(군인),35,,,,,,
용인시_을,Fri,65,,전종서,42,,원소_(화학),40,,최경용,30,,허은아,67,,이탈리아,36,,,,,,
정보화_사회,Mon,65,,전현희,40,,원소_목록,33,,최성은,27,,화이트데이,82,,인공지능,91,,,,,,
강미정,Wed,65,,전혜숙,129,,유관순,42,,춘분,94,,휴대용_게임기,32,,일본의_언어,31,,,,,,
All_the_Way..._A_Decade_of_Song,Tue,65,,정보과학,41,,유니코드_0000~0FFF,35,,치지직,25,,히로시마·나가사키_원자폭탄_투하,39,,임상시험,115,,,,,,
에펨코리아,Wed,65,,정보화_사회,65,,윤석열,28,,카카오톡,52,,총합계,6074,,임태훈_(인권활동가),54,,,,,,
ORCID,Mon,65,,정호연_(축구_선수),88,,윤소정_(배우),23,,컴퓨터_하드웨어,30,,,,,장프랑수아_밀레,26,,,,,,
박일호,Fri,64,,제1차_니케아_공의회,31,,윤진이,82,,콜로세움,24,,,,,전두환,23,,,,,,
탐루앙_동굴_조난_사고,Mon,64,,제2차_세계_대전,23,,이라크_레반트_이슬람_국가,123,,쿠팡,39,,,,,정동원,31,,,,,,
홍종학,Tue,64,,제4차_산업혁명,37,,이순재,22,,태국_축구_국가대표팀,22,,,,,정맥_인식,28,,,,,,
블라디미르_푸틴,Fri,63,,제곱미터,47,,이승만,31,,트리고니아과,152,,,,,정보과학,36,,,,,,
황상무,Wed,63,,제시_린가드,24,,이주빈,23,,파동,24,,,,,정보화_사회,37,,,,,,
GHV2,Tue,62,,조국_(법학자),50,,인공지능,128,,파묘,23,,,,,정봉주,117,,,,,,
정봉주,Tue,62,,조국혁신당,55,,인도,38,,파이썬,29,,,,,정서주,147,,,,,,
대한민국_제22대_국회의원_선거,Wed,61,,조수진_(정치인),25,,인도네시아,22,,프랜시스_스콧_키_브리지_(볼티모어),35,,,,,정은채,30,,,,,,
대한민국의_대통령_목록,Wed,61,,주기율표,105,,일본,22,,프로그래밍_언어의_역사,23,,,,,정재은_(기업인),33,,,,,,
주진우,Fri,60,,주민규,44,,임성기,44,,한국교육방송공사,35,,,,,제4차_산업혁명,37,,,,,,
김영주_(1955년),Sat,60,,중앙응급의료센터,27,,임주현,31,,한동훈_(법조인),31,,,,,제곱미터,48,,,,,,
홍성군수,Fri,60,,지구,36,,자바스크립트,25,,홍영표,179,,,,,조국_(법학자),152,,,,,,
분열조직,Sun,60,,지구_온난화,41,,전공의,26,,화성시_을,25,,,,,조국혁신당,99,,,,,,
ASCII,Fri,60,,지능형_에이전트,26,,전종서,26,,화이트데이,25,,,,,조두순,23,,,,,,
마이크로프로세서,Thu,60,,지효,24,,정보과학,27,,황상무,63,,,,,조수진_(정치인),41,,,,,,
오재원,Thu,60,,처인고등학교,47,,정봉주,62,,총합계,8122,,,,,주기율표,88,,,,,,
강릉탄전,Mon,60,,체스_규칙,24,,정준영,183,,,,,,,,주기환,38,,,,,,
손명순,Fri,59,,최경용,38,,제1차_세계_대전,22,,,,,,,,주진우,60,,,,,,
3·1_운동,Fri,59,,카라라_대리석,28,,제곱미터,51,,,,,,,,중앙_처리_장치,29,,,,,,
조국_(법학자),Wed,59,,카불,52,,조국_(법학자),79,,,,,,,,지구,28,,,,,,
카카오톡,Fri,58,,카카오톡,70,,조국혁신당,70,,,,,,,,지구_온난화,28,,,,,,
기계_번역,Thu,58,,코드_페이지_949,30,,조두순,133,,,,,,,,지층,54,,,,,,
성금요일,Fri,58,,콜버그의_도덕_발달_단계,22,,조두순_사건,33,,,,,,,,최경용,30,,,,,,
대한민국_제21대_국회의원_선거,Wed,58,,쿠팡,45,,주기율표,74,,,,,,,,치지직,23,,,,,,
시민의_입장,Fri,58,,크리스토퍼_놀란,29,,증강_현실,27,,,,,,,,카일리_제너,34,,,,,,
신동욱_(방송인),Tue,57,,킬리언_머피,41,,지구,35,,,,,,,,카카오톡,58,,,,,,
인공지능,Thu,57,,타지키스탄,24,,지구_온난화,38,,,,,,,,쿠팡,41,,,,,,
국가별_국가_코드_목록,Mon,57,,탐루앙_동굴_조난_사고,64,,지능형_에이전트,25,,,,,,,,키이우_레닌_기념비의_붕괴,29,,,,,,
젠슨_황,Thu,57,,태양,33,,질소,26,,,,,,,,키클롭스,43,,,,,,
페레그리누스,Mon,57,,테레비도쿄,42,,처인고등학교,86,,,,,,,,태국_축구_국가대표팀,26,,,,,,
대한민국_제22대_국회의원_선거,Mon,56,,토렌트,27,,최경용,32,,,,,,,,태양,23,,,,,,
박은정_(검사),Tue,56,,특례시_(대한민국),94,,춘분,22,,,,,,,,파이썬,25,,,,,,
김영삼,Fri,56,,티로신_(아미노산),67,,카카오톡,49,,,,,,,,표준정규분포표,26,,,,,,
조국혁신당,Sun,56,,파묘,33,,쿠팡,38,,,,,,,,프레데리크_쇼팽,27,,,,,,
대한민국,Mon,56,,파이썬,28,,큐넷,299,,,,,,,,피라미드_게임_(드라마),22,,,,,,
하남시의_국회의원,Fri,55,,패닉!_앳_더_디스코,43,,탄소,35,,,,,,,,필로티,29,,,,,,
조국혁신당,Mon,55,,패스트_라이브즈,28,,투석기,28,,,,,,,,하남시_(선거구),96,,,,,,
한지민_(의사),Mon,55,,페레그리누스,57,,특별자치도,23,,,,,,,,하남시_갑,37,,,,,,
대한민국,Wed,55,,폴란드,103,,파로,29,,,,,,,,하남시의_국회의원,55,,,,,,
에펨코리아,Tue,55,,피라미드_게임_(드라마),35,,파이썬,32,,,,,,,,한국교육방송공사,36,,,,,,
5·18_광주_민주화_운동,Mon,55,,필라델피아_제헌회의,24,,편상욱,40,,,,,,,,한동훈_(법조인),34,,,,,,
양정아,Tue,55,,한국교육방송공사,34,,포즈난,49,,,,,,,,한림연예예술고등학교,24,,,,,,
이종섭_(군인),Thu,55,,한서희,41,,플레이아데스_성단,39,,,,,,,,한소희,29,,,,,,
대한민국의_아카데미_국제영화상_출품작,Wed,55,,한소희,32,,피도_눈물도_없이_(드라마),30,,,,,,,,허준이,46,,,,,,
맥_OS_X_레퍼드,Tue,55,,한자,43,,한국교육방송공사,38,,,,,,,,홍록기,23,,,,,,
대한민국_제21대_국회의원_선거,Thu,55,,한주현_(배우),69,,한동훈_(법조인),32,,,,,,,,홍성군수,60,,,,,,
계양구_을,Sat,54,,한중군,36,,한소희,26,,,,,,,,황상무,38,,,,,,
지층,Fri,54,,한지민_(의사),55,,해왕성,27,,,,,,,,황운하,28,,,,,,
국가별_국가_코드_목록,Tue,54,,현종_(고려),31,,헬륨,23,,,,,,,,흑요석,39,,,,,,
ASCII,Tue,54,,혜리,22,,홍익표_(1967년),27,,,,,,,,히라가나,31,,,,,,
임태훈_(인권활동가),Fri,54,,홈택스,29,,홍종학,64,,,,,,,,총합계,14079,,,,,,
국제_남성의_날,Fri,53,,화성,28,,화성시_을,47,,,,,,,,,,,,,,,
국가별_국가_코드_목록,Fri,53,,화성시_을,49,,황대헌,23,,,,,,,,,,,,,,,
2023년_AFC_아시안컵_선수_명단,Mon,53,,환생경제,49,,황상무,31,,,,,,,,,,,,,,,
빅_데이터,Tue,53,,황대헌,71,,총합계,10127,,,,,,,,,,,,,,,
카카오톡,Wed,52,,황상무,110,,,,,,,,,,,,,,,,,,
대한민국의_대통령_목록,Tue,52,,황선홍,23,,,,,,,,,,,,,,,,,,
강선영_(군인),Tue,52,,효심이네_각자도생,22,,,,,,,,,,,,,,,,,,
5·18_광주_민주화_운동,Thu,52,,히라가나,26,,,,,,,,,,,,,,,,,,
도태우,Wed,52,,총합계,9245,,,,,,,,,,,,,,,,,,
카불,Mon,52,,,,,,,,,,,,,,,,,,,,,
류준열,Mon,52,,,,,,,,,,,,,,,,,,,,,
국가별_국가_코드_목록,Thu,52,,,,,,,,,,,,,,,,,,,,,
정봉주,Wed,52,,,,,,,,,,,,,,,,,,,,,
레반트_자유인민위원회,Tue,52,,,,,,,,,,,,,,,,,,,,,
2004년_하계_올림픽_메달_집계,Wed,51,,,,,,,,,,,,,,,,,,,,,
구글_번역,Thu,51,,,,,,,,,,,,,,,,,,,,,
4·19_혁명,Fri,51,,,,,,,,,,,,,,,,,,,,,
김보협,Sun,51,,,,,,,,,,,,,,,,,,,,,
그림판,Thu,51,,,,,,,,,,,,,,,,,,,,,
남대정,Mon,51,,,,,,,,,,,,,,,,,,,,,
영등포구_갑,Mon,51,,,,,,,,,,,,,,,,,,,,,
제곱미터,Tue,51,,,,,,,,,,,,,,,,,,,,,
ASCII,Mon,51,,,,,,,,,,,,,,,,,,,,,
숙명여자대학교,Mon,51,,,,,,,,,,,,,,,,,,,,,
대한민국의_국민연금,Tue,51,,,,,,,,,,,,,,,,,,,,,
5·18_광주_민주화_운동,Tue,50,,,,,,,,,,,,,,,,,,,,,
조국_(법학자),Mon,50,,,,,,,,,,,,,,,,,,,,,
새로운미래,Fri,50,,,,,,,,,,,,,,,,,,,,,
리히텐슈타인,Fri,50,,,,,,,,,,,,,,,,,,,,,
로드_하우스_(2024년_영화),Fri,50,,,,,,,,,,,,,,,,,,,,,
종려주일,Sat,49,,,,,,,,,,,,,,,,,,,,,
나상도,Sat,49,,,,,,,,,,,,,,,,,,,,,
환생경제,Mon,49,,,,,,,,,,,,,,,,,,,,,
권도형,Fri,49,,,,,,,,,,,,,,,,,,,,,
정보사_언론_테러_사건,Wed,49,,,,,,,,,,,,,,,,,,,,,
5·18_광주_민주화_운동,Fri,49,,,,,,,,,,,,,,,,,,,,,
전국노래자랑,Mon,49,,,,,,,,,,,,,,,,,,,,,
다음,Thu,49,,,,,,,,,,,,,,,,,,,,,
화성시_을,Mon,49,,,,,,,,,,,,,,,,,,,,,
원주율,Thu,49,,,,,,,,,,,,,,,,,,,,,
아일릿,Wed,49,,,,,,,,,,,,,,,,,,,,,
박덕흠,Tue,49,,,,,,,,,,,,,,,,,,,,,
카카오톡,Tue,49,,,,,,,,,,,,,,,,,,,,,
방송통신고등학교,Wed,49,,,,,,,,,,,,,,,,,,,,,
포즈난,Tue,49,,,,,,,,,,,,,,,,,,,,,
멜버른,Tue,49,,,,,,,,,,,,,,,,,,,,,
도태우,Fri,49,,,,,,,,,,,,,,,,,,,,,
컴퓨터_하드웨어,Thu,49,,,,,,,,,,,,,,,,,,,,,
국제_행복의_날,Wed,48,,,,,,,,,,,,,,,,,,,,,
대한민국_제21대_국회의원_선거,Tue,48,,,,,,,,,,,,,,,,,,,,,
Dangerous_(마이클_잭슨의_음반),Tue,48,,,,,,,,,,,,,,,,,,,,,
김새론,Sun,48,,,,,,,,,,,,,,,,,,,,,
2026년_FIFA_월드컵_아시아_지역_2차_예선,Fri,48,,,,,,,,,,,,,,,,,,,,,
저우샤오한,Wed,48,,,,,,,,,,,,,,,,,,,,,
제곱미터,Fri,48,,,,,,,,,,,,,,,,,,,,,
2026년_FIFA_월드컵_아시아_지역_예선,Thu,48,,,,,,,,,,,,,,,,,,,,,
다음,Wed,48,,,,,,,,,,,,,,,,,,,,,
최대식,Thu,48,,,,,,,,,,,,,,,,,,,,,
이화림,Sun,47,,,,,,,,,,,,,,,,,,,,,
제곱미터,Mon,47,,,,,,,,,,,,,,,,,,,,,
2024년_대한민국의_텔레비전_드라마_목록,Thu,47,,,,,,,,,,,,,,,,,,,,,
화성시_을,Tue,47,,,,,,,,,,,,,,,,,,,,,
광산구_을,Mon,47,,,,,,,,,,,,,,,,,,,,,
조국혁신당,Wed,47,,,,,,,,,,,,,,,,,,,,,
북부태양대대,Tue,47,,,,,,,,,,,,,,,,,,,,,
김영옥_(배우),Tue,47,,,,,,,,,,,,,,,,,,,,,
처인고등학교,Mon,47,,,,,,,,,,,,,,,,,,,,,
에펨코리아,Sat,47,,,,,,,,,,,,,,,,,,,,,
박은정_(검사),Fri,47,,,,,,,,,,,,,,,,,,,,,
대한민국,Tue,47,,,,,,,,,,,,,,,,,,,,,
2024년_대한민국의_텔레비전_드라마_목록,Sat,46,,,,,,,,,,,,,,,,,,,,,
그림판,Mon,46,,,,,,,,,,,,,,,,,,,,,
구글_번역,Mon,46,,,,,,,,,,,,,,,,,,,,,
구글,Mon,46,,,,,,,,,,,,,,,,,,,,,
빅_데이터,Thu,46,,,,,,,,,,,,,,,,,,,,,
허준이,Fri,46,,,,,,,,,,,,,,,,,,,,,
대한민국_제22대_국회의원_선거,Tue,46,,,,,,,,,,,,,,,,,,,,,
대한민국의_행정_구역,Wed,46,,,,,,,,,,,,,,,,,,,,,
국가별_국가_코드_목록,Wed,46,,,,,,,,,,,,,,,,,,,,,
빅_데이터,Wed,46,,,,,,,,,,,,,,,,,,,,,
다음,Mon,46,,,,,,,,,,,,,,,,,,,,,
ChatGPT,Thu,46,,,,,,,,,,,,,,,,,,,,,
빅_데이터,Fri,46,,,,,,,,,,,,,,,,,,,,,
시리아_수정운동,Tue,46,,,,,,,,,,,,,,,,,,,,,
대한민국,Thu,46,,,,,,,,,,,,,,,,,,,,,
에펨코리아,Sun,45,,,,,,,,,,,,,,,,,,,,,
6월_민주_항쟁,Wed,45,,,,,,,,,,,,,,,,,,,,,
4·19_혁명,Mon,45,,,,,,,,,,,,,,,,,,,,,
센트럴_디비전_(MLS),Fri,45,,,,,,,,,,,,,,,,,,,,,
쿠팡,Mon,45,,,,,,,,,,,,,,,,,,,,,
4·19_혁명,Thu,45,,,,,,,,,,,,,,,,,,,,,
삼성초등학교_(제주),Thu,45,,,,,,,,,,,,,,,,,,,,,
2024년_대한민국의_텔레비전_드라마_목록,Sun,45,,,,,,,,,,,,,,,,,,,,,
Section.80,Wed,45,,,,,,,,,,,,,,,,,,,,,
이혜훈,Wed,45,,,,,,,,,,,,,,,,,,,,,
조국_(법학자),Sat,45,,,,,,,,,,,,,,,,,,,,,
원소_목록,Mon,45,,,,,,,,,,,,,,,,,,,,,
스즈키_아유미,Sun,45,,,,,,,,,,,,,,,,,,,,,
한동훈_(법조인),Thu,45,,,,,,,,,,,,,,,,,,,,,
류준열,Sat,44,,,,,,,,,,,,,,,,,,,,,
대한민국의_대통령_목록,Fri,44,,,,,,,,,,,,,,,,,,,,,
공학,Wed,44,,,,,,,,,,,,,,,,,,,,,
임성기,Tue,44,,,,,,,,,,,,,,,,,,,,,
민주동맹_(우크라이나),Fri,44,,,,,,,,,,,,,,,,,,,,,
주민규,Mon,44,,,,,,,,,,,,,,,,,,,,,
지구_온난화,Thu,44,,,,,,,,,,,,,,,,,,,,,
류준열,Tue,44,,,,,,,,,,,,,,,,,,,,,
Falling_into_You,Tue,44,,,,,,,,,,,,,,,,,,,,,
로마_숫자,Tue,44,,,,,,,,,,,,,,,,,,,,,
눈물의_여왕,Mon,44,,,,,,,,,,,,,,,,,,,,,
한자,Mon,43,,,,,,,,,,,,,,,,,,,,,
대한민국의_대통령_목록,Thu,43,,,,,,,,,,,,,,,,,,,,,
카카오톡,Thu,43,,,,,,,,,,,,,,,,,,,,,
ChatGPT,Wed,43,,,,,,,,,,,,,,,,,,,,,
신세계그룹,Fri,43,,,,,,,,,,,,,,,,,,,,,
박은정,Thu,43,,,,,,,,,,,,,,,,,,,,,
윤석열,Thu,43,,,,,,,,,,,,,,,,,,,,,
패닉!_앳_더_디스코,Mon,43,,,,,,,,,,,,,,,,,,,,,
쿠팡,Thu,43,,,,,,,,,,,,,,,,,,,,,
원소_(화학),Mon,43,,,,,,,,,,,,,,,,,,,,,
ChatGPT,Fri,43,,,,,,,,,,,,,,,,,,,,,
키클롭스,Fri,43,,,,,,,,,,,,,,,,,,,,,
오지영_(배구_선수),Mon,43,,,,,,,,,,,,,,,,,,,,,
정보화_사회,Wed,42,,,,,,,,,,,,,,,,,,,,,
노보로시야_연방국,Fri,42,,,,,,,,,,,,,,,,,,,,,
유관순,Tue,42,,,,,,,,,,,,,,,,,,,,,
구글,Fri,42,,,,,,,,,,,,,,,,,,,,,
구글,Tue,42,,,,,,,,,,,,,,,,,,,,,
사물인터넷,Wed,42,,,,,,,,,,,,,,,,,,,,,
전종서,Mon,42,,,,,,,,,,,,,,,,,,,,,
버닝썬_게이트,Tue,42,,,,,,,,,,,,,,,,,,,,,
ChatGPT,Mon,42,,,,,,,,,,,,,,,,,,,,,
제곱미터,Wed,42,,,,,,,,,,,,,,,,,,,,,
조배숙,Thu,42,,,,,,,,,,,,,,,,,,,,,
아일릿,Thu,42,,,,,,,,,,,,,,,,,,,,,
테레비도쿄,Mon,42,,,,,,,,,,,,,,,,,,,,,
그림판,Tue,42,,,,,,,,,,,,,,,,,,,,,
킬리언_머피,Mon,41,,,,,,,,,,,,,,,,,,,,,
구글,Wed,41,,,,,,,,,,,,,,,,,,,,,
엔비디아,Wed,41,,,,,,,,,,,,,,,,,,,,,
조수진_(정치인),Fri,41,,,,,,,,,,,,,,,,,,,,,
HTML,Wed,41,,,,,,,,,,,,,,,,,,,,,
대한민국,Fri,41,,,,,,,,,,,,,,,,,,,,,
쿠팡,Fri,41,,,,,,,,,,,,,,,,,,,,,
정보과학,Mon,41,,,,,,,,,,,,,,,,,,,,,
한서희,Mon,41,,,,,,,,,,,,,,,,,,,,,
로마_숫자,Wed,41,,,,,,,,,,,,,,,,,,,,,
로마_숫자,Mon,41,,,,,,,,,,,,,,,,,,,,,
지구_온난화,Mon,41,,,,,,,,,,,,,,,,,,,,,
안양시_동안구의_국회의원,Mon,41,,,,,,,,,,,,,,,,,,,,,
윤태영_(배우),Wed,40,,,,,,,,,,,,,,,,,,,,,
모스크바,Wed,40,,,,,,,,,,,,,,,,,,,,,
비례대표제,Tue,40,,,,,,,,,,,,,,,,,,,,,
대한민국의_국민연금,Mon,40,,,,,,,,,,,,,,,,,,,,,
부평구_을,Wed,40,,,,,,,,,,,,,,,,,,,,,
제12기_최고인민회의_대의원_선거,Sun,40,,,,,,,,,,,,,,,,,,,,,
이승만,Thu,40,,,,,,,,,,,,,,,,,,,,,
편상욱,Tue,40,,,,,,,,,,,,,,,,,,,,,
권도형,Thu,40,,,,,,,,,,,,,,,,,,,,,
ChatGPT,Tue,40,,,,,,,,,,,,,,,,,,,,,
6월_민주_항쟁,Mon,40,,,,,,,,,,,,,,,,,,,,,
대한민국의_국가,Thu,40,,,,,,,,,,,,,,,,,,,,,
파묘,Sun,40,,,,,,,,,,,,,,,,,,,,,
대한민국_제21대_국회의원_선거,Fri,40,,,,,,,,,,,,,,,,,,,,,
전현희,Mon,40,,,,,,,,,,,,,,,,,,,,,
ASCII,Thu,40,,,,,,,,,,,,,,,,,,,,,
대한민국_제22대_국회의원_선거,Fri,40,,,,,,,,,,,,,,,,,,,,,
지구_온난화,Sun,40,,,,,,,,,,,,,,,,,,,,,
사물인터넷,Fri,40,,,,,,,,,,,,,,,,,,,,,
김영주,Mon,40,,,,,,,,,,,,,,,,,,,,,
원소_(화학),Tue,40,,,,,,,,,,,,,,,,,,,,,
산_칼리스토의_카타콤베,Fri,40,,,,,,,,,,,,,,,,,,,,,
크리스_프랫,Thu,40,,,,,,,,,,,,,,,,,,,,,
대한민국의_국회의원_선거구_목록,Wed,39,,,,,,,,,,,,,,,,,,,,,
아카데미상,Mon,39,,,,,,,,,,,,,,,,,,,,,
흑요석,Fri,39,,,,,,,,,,,,,,,,,,,,,
새로운미래,Thu,39,,,,,,,,,,,,,,,,,,,,,
플레이아데스_성단,Tue,39,,,,,,,,,,,,,,,,,,,,,
정보화_사회,Thu,39,,,,,,,,,,,,,,,,,,,,,
안젤리나_졸리,Tue,39,,,,,,,,,,,,,,,,,,,,,
쿠팡,Wed,39,,,,,,,,,,,,,,,,,,,,,
우익_섹터,Fri,39,,,,,,,,,,,,,,,,,,,,,
조수진_(정치인),Wed,39,,,,,,,,,,,,,,,,,,,,,
착용_컴퓨터,Thu,39,,,,,,,,,,,,,,,,,,,,,
부활절,Fri,39,,,,,,,,,,,,,,,,,,,,,
구글,Thu,39,,,,,,,,,,,,,,,,,,,,,
2026년_FIFA_월드컵_예선,Fri,39,,,,,,,,,,,,,,,,,,,,,
문미옥,Fri,39,,,,,,,,,,,,,,,,,,,,,
사물인터넷,Thu,39,,,,,,,,,,,,,,,,,,,,,
영등포구_갑,Thu,39,,,,,,,,,,,,,,,,,,,,,
다이슨구,Tue,39,,,,,,,,,,,,,,,,,,,,,
히로시마·나가사키_원자폭탄_투하,Thu,39,,,,,,,,,,,,,,,,,,,,,
로마_숫자,Thu,39,,,,,,,,,,,,,,,,,,,,,
미녀와_순정남,Sat,39,,,,,,,,,,,,,,,,,,,,,
부활절,Sat,38,,,,,,,,,,,,,,,,,,,,,
파이썬,Thu,38,,,,,,,,,,,,,,,,,,,,,
도태우,Tue,38,,,,,,,,,,,,,,,,,,,,,
지구_온난화,Tue,38,,,,,,,,,,,,,,,,,,,,,
세월호_침몰_사고,Tue,38,,,,,,,,,,,,,,,,,,,,,
최경용,Mon,38,,,,,,,,,,,,,,,,,,,,,
인도,Tue,38,,,,,,,,,,,,,,,,,,,,,
배임죄,Wed,38,,,,,,,,,,,,,,,,,,,,,
윤동주,Wed,38,,,,,,,,,,,,,,,,,,,,,
구글_번역,Tue,38,,,,,,,,,,,,,,,,,,,,,
황상무,Fri,38,,,,,,,,,,,,,,,,,,,,,
강감찬,Tue,38,,,,,,,,,,,,,,,,,,,,,
한국교육방송공사,Tue,38,,,,,,,,,,,,,,,,,,,,,
주기환,Fri,38,,,,,,,,,,,,,,,,,,,,,
쿠팡,Tue,38,,,,,,,,,,,,,,,,,,,,,
The_Eminem_Show,Tue,38,,,,,,,,,,,,,,,,,,,,,
에펨코리아,Fri,37,,,,,,,,,,,,,,,,,,,,,
지구,Wed,37,,,,,,,,,,,,,,,,,,,,,
수성,Tue,37,,,,,,,,,,,,,,,,,,,,,
정보화_사회,Fri,37,,,,,,,,,,,,,,,,,,,,,
용혜인,Tue,37,,,,,,,,,,,,,,,,,,,,,
하남시_갑,Fri,37,,,,,,,,,,,,,,,,,,,,,
제4차_산업혁명,Fri,37,,,,,,,,,,,,,,,,,,,,,
황상무,Sat,37,,,,,,,,,,,,,,,,,,,,,
노트르담_대성당,Wed,37,,,,,,,,,,,,,,,,,,,,,
구글_번역,Wed,37,,,,,,,,,,,,,,,,,,,,,
아일릿,Sat,37,,,,,,,,,,,,,,,,,,,,,
한국교육방송공사,Thu,37,,,,,,,,,,,,,,,,,,,,,
제4차_산업혁명,Mon,37,,,,,,,,,,,,,,,,,,,,,
상용_소프트웨어,Mon,37,,,,,,,,,,,,,,,,,,,,,
박목월,Tue,37,,,,,,,,,,,,,,,,,,,,,
지구,Mon,36,,,,,,,,,,,,,,,,,,,,,
종려주일,Sun,36,,,,,,,,,,,,,,,,,,,,,
IUPAC_명명법,Tue,36,,,,,,,,,,,,,,,,,,,,,
2026년_FIFA_월드컵_아시아_지역_2차_예선,Tue,36,,,,,,,,,,,,,,,,,,,,,
2026년_FIFA_월드컵_아시아_지역_예선,Tue,36,,,,,,,,,,,,,,,,,,,,,
정보과학,Fri,36,,,,,,,,,,,,,,,,,,,,,
윤종용,Wed,36,,,,,,,,,,,,,,,,,,,,,
한중군,Mon,36,,,,,,,,,,,,,,,,,,,,,
2026년_FIFA_월드컵_아시아_지역_2차_예선,Thu,36,,,,,,,,,,,,,,,,,,,,,
백두진,Thu,36,,,,,,,,,,,,,,,,,,,,,
6월_민주_항쟁,Tue,36,,,,,,,,,,,,,,,,,,,,,
한국교육방송공사,Fri,36,,,,,,,,,,,,,,,,,,,,,
유승준,Mon,36,,,,,,,,,,,,,,,,,,,,,
귀주_대첩,Mon,36,,,,,,,,,,,,,,,,,,,,,
4행정_기관,Mon,36,,,,,,,,,,,,,,,,,,,,,
공학,Thu,36,,,,,,,,,,,,,,,,,,,,,
이탈리아,Fri,36,,,,,,,,,,,,,,,,,,,,,
네기시_에이이치,Mon,36,,,,,,,,,,,,,,,,,,,,,
대한민국의_행정_구역,Tue,36,,,,,,,,,,,,,,,,,,,,,
아이폰,Tue,36,,,,,,,,,,,,,,,,,,,,,
언젠가는_슬기로울_전공의생활,Fri,35,,,,,,,,,,,,,,,,,,,,,
Break_the_Spell,Wed,35,,,,,,,,,,,,,,,,,,,,,
한국교육방송공사,Wed,35,,,,,,,,,,,,,,,,,,,,,
이승만,Wed,35,,,,,,,,,,,,,,,,,,,,,
상속_(불교),Fri,35,,,,,,,,,,,,,,,,,,,,,
이종섭_(군인),Fri,35,,,,,,,,,,,,,,,,,,,,,
TCP/UDP의_포트_목록,Fri,35,,,,,,,,,,,,,,,,,,,,,
지구,Tue,35,,,,,,,,,,,,,,,,,,,,,
셀린_송,Mon,35,,,,,,,,,,,,,,,,,,,,,
프랜시스_스콧_키_브리지_(볼티모어),Wed,35,,,,,,,,,,,,,,,,,,,,,
유니코드_0000~0FFF,Tue,35,,,,,,,,,,,,,,,,,,,,,
제곱미터,Thu,35,,,,,,,,,,,,,,,,,,,,,
피라미드_게임_(드라마),Mon,35,,,,,,,,,,,,,,,,,,,,,
BTB_용액,Tue,35,,,,,,,,,,,,,,,,,,,,,
용인시_병,Fri,35,,,,,,,,,,,,,,,,,,,,,
탄소,Tue,35,,,,,,,,,,,,,,,,,,,,,
2026년_FIFA_월드컵,Wed,35,,,,,,,,,,,,,,,,,,,,,
다마스쿠스_전투_(2012년),Tue,35,,,,,,,,,,,,,,,,,,,,,
최경용,Sat,34,,,,,,,,,,,,,,,,,,,,,
에탄올,Mon,34,,,,,,,,,,,,,,,,,,,,,
GPT_(언어_모델),Mon,34,,,,,,,,,,,,,,,,,,,,,
오타니_쇼헤이,Fri,34,,,,,,,,,,,,,,,,,,,,,
한동훈_(법조인),Fri,34,,,,,,,,,,,,,,,,,,,,,
영등포구_갑,Tue,34,,,,,,,,,,,,,,,,,,,,,
싱가포르,Fri,34,,,,,,,,,,,,,,,,,,,,,
한국교육방송공사,Mon,34,,,,,,,,,,,,,,,,,,,,,
용감무쌍_용수정,Tue,34,,,,,,,,,,,,,,,,,,,,,
넬슨_만델라,Mon,34,,,,,,,,,,,,,,,,,,,,,
카일리_제너,Fri,34,,,,,,,,,,,,,,,,,,,,,
안규백,Fri,34,,,,,,,,,,,,,,,,,,,,,
대한민국의_국민연금,Thu,34,,,,,,,,,,,,,,,,,,,,,
부활절,Sun,34,,,,,,,,,,,,,,,,,,,,,
용인시_정,Mon,33,,,,,,,,,,,,,,,,,,,,,
HTML5,Thu,33,,,,,,,,,,,,,,,,,,,,,
대한민국_제21대_국회의원_선거,Mon,33,,,,,,,,,,,,,,,,,,,,,
수지맞은_우리,Tue,33,,,,,,,,,,,,,,,,,,,,,
강유정_(평론가),Tue,33,,,,,,,,,,,,,,,,,,,,,
태양,Mon,33,,,,,,,,,,,,,,,,,,,,,
박재홍_(아나운서),Fri,33,,,,,,,,,,,,,,,,,,,,,
원소_목록,Fri,33,,,,,,,,,,,,,,,,,,,,,
빈센트_반_고흐,Wed,33,,,,,,,,,,,,,,,,,,,,,
원소_목록,Tue,33,,,,,,,,,,,,,,,,,,,,,
유영하,Wed,33,,,,,,,,,,,,,,,,,,,,,
메타버스,Thu,33,,,,,,,,,,,,,,,,,,,,,
유관순,Fri,33,,,,,,,,,,,,,,,,,,,,,
로버트_에번스,Wed,33,,,,,,,,,,,,,,,,,,,,,
노자,Mon,33,,,,,,,,,,,,,,,,,,,,,
로마_숫자,Fri,33,,,,,,,,,,,,,,,,,,,,,
조두순_사건,Tue,33,,,,,,,,,,,,,,,,,,,,,
서초구_을,Tue,33,,,,,,,,,,,,,,,,,,,,,
파묘,Mon,33,,,,,,,,,,,,,,,,,,,,,
피라미드_게임_(드라마),Thu,33,,,,,,,,,,,,,,,,,,,,,
신정론,Tue,33,,,,,,,,,,,,,,,,,,,,,
오지혜,Tue,33,,,,,,,,,,,,,,,,,,,,,
정재은_(기업인),Fri,33,,,,,,,,,,,,,,,,,,,,,
한국교육방송공사,Sat,33,,,,,,,,,,,,,,,,,,,,,
한국교육방송공사,Sun,33,,,,,,,,,,,,,,,,,,,,,
대한민국의_행정_구역,Mon,32,,,,,,,,,,,,,,,,,,,,,
아일릿,Fri,32,,,,,,,,,,,,,,,,,,,,,
이어도,Wed,32,,,,,,,,,,,,,,,,,,,,,
구글_번역,Sun,32,,,,,,,,,,,,,,,,,,,,,
미노이,Fri,32,,,,,,,,,,,,,,,,,,,,,
김선민,Wed,32,,,,,,,,,,,,,,,,,,,,,
프랑크푸르트암마인_공항,Thu,32,,,,,,,,,,,,,,,,,,,,,
대한민국_제21대_국회의원_선거_비례대표_배분_방법,Mon,32,,,,,,,,,,,,,,,,,,,,,
부천시_갑,Fri,32,,,,,,,,,,,,,,,,,,,,,
사물인터넷,Mon,32,,,,,,,,,,,,,,,,,,,,,
오컬트,Mon,32,,,,,,,,,,,,,,,,,,,,,
이종섭_(군인),Wed,32,,,,,,,,,,,,,,,,,,,,,
삼체,Mon,32,,,,,,,,,,,,,,,,,,,,,
다트머스_회의,Thu,32,,,,,,,,,,,,,,,,,,,,,
최경용,Tue,32,,,,,,,,,,,,,,,,,,,,,
파이썬,Tue,32,,,,,,,,,,,,,,,,,,,,,
국제전화_국가_번호,Tue,32,,,,,,,,,,,,,,,,,,,,,
손준호_(축구_선수),Wed,32,,,,,,,,,,,,,,,,,,,,,
한소희,Mon,32,,,,,,,,,,,,,,,,,,,,,
한동훈_(법조인),Tue,32,,,,,,,,,,,,,,,,,,,,,
빅_데이터,Mon,32,,,,,,,,,,,,,,,,,,,,,
휴대용_게임기,Thu,32,,,,,,,,,,,,,,,,,,,,,
그림판,Fri,31,,,,,,,,,,,,,,,,,,,,,
에펨코리아,Mon,31,,,,,,,,,,,,,,,,,,,,,
양정아,Wed,31,,,,,,,,,,,,,,,,,,,,,
N번방_사건,Sun,31,,,,,,,,,,,,,,,,,,,,,
이승만,Tue,31,,,,,,,,,,,,,,,,,,,,,
베트남,Mon,31,,,,,,,,,,,,,,,,,,,,,
산소,Tue,31,,,,,,,,,,,,,,,,,,,,,
OC_트랜스포,Sat,31,,,,,,,,,,,,,,,,,,,,,
제1차_니케아_공의회,Mon,31,,,,,,,,,,,,,,,,,,,,,
개혁신당_(2024년),Fri,31,,,,,,,,,,,,,,,,,,,,,
구글_번역,Fri,31,,,,,,,,,,,,,,,,,,,,,
엔비디아,Fri,31,,,,,,,,,,,,,,,,,,,,,
양정아,Fri,31,,,,,,,,,,,,,,,,,,,,,
기후변화에_관한_유엔_기본_협약,Mon,31,,,,,,,,,,,,,,,,,,,,,
일본의_언어,Fri,31,,,,,,,,,,,,,,,,,,,,,
계양구_을,Mon,31,,,,,,,,,,,,,,,,,,,,,
소프트웨어,Tue,31,,,,,,,,,,,,,,,,,,,,,
정동원,Fri,31,,,,,,,,,,,,,,,,,,,,,
시민_단체,Wed,31,,,,,,,,,,,,,,,,,,,,,
수소,Thu,31,,,,,,,,,,,,,,,,,,,,,
한동훈_(법조인),Wed,31,,,,,,,,,,,,,,,,,,,,,
대한민국_제21대_국회의원_선거_더불어민주당_후보_목록,Tue,31,,,,,,,,,,,,,,,,,,,,,
오스트레일리아,Fri,31,,,,,,,,,,,,,,,,,,,,,
넷_아트,Thu,31,,,,,,,,,,,,,,,,,,,,,
오펜하이머_(영화),Mon,31,,,,,,,,,,,,,,,,,,,,,
현종_(고려),Mon,31,,,,,,,,,,,,,,,,,,,,,
황상무,Tue,31,,,,,,,,,,,,,,,,,,,,,
히라가나,Fri,31,,,,,,,,,,,,,,,,,,,,,
문용식,Fri,31,,,,,,,,,,,,,,,,,,,,,
그림판,Wed,31,,,,,,,,,,,,,,,,,,,,,
수학_기호,Wed,31,,,,,,,,,,,,,,,,,,,,,
임주현,Tue,31,,,,,,,,,,,,,,,,,,,,,
게티즈버그_연설,Tue,31,,,,,,,,,,,,,,,,,,,,,
오재원,Wed,30,,,,,,,,,,,,,,,,,,,,,
김주하_(배구_선수),Tue,30,,,,,,,,,,,,,,,,,,,,,
안민석,Thu,30,,,,,,,,,,,,,,,,,,,,,
대한민국의_국회의원_선거구_목록,Mon,30,,,,,,,,,,,,,,,,,,,,,
최경용,Fri,30,,,,,,,,,,,,,,,,,,,,,
정은채,Fri,30,,,,,,,,,,,,,,,,,,,,,
FC_바르셀로나,Thu,30,,,,,,,,,,,,,,,,,,,,,
대한민국의_정보_보안_사고_목록,Wed,30,,,,,,,,,,,,,,,,,,,,,
컴퓨터_하드웨어,Wed,30,,,,,,,,,,,,,,,,,,,,,
코드_페이지_949,Mon,30,,,,,,,,,,,,,,,,,,,,,
다음,Sat,30,,,,,,,,,,,,,,,,,,,,,
독일,Fri,30,,,,,,,,,,,,,,,,,,,,,
대한민국의_행정_구역,Fri,30,,,,,,,,,,,,,,,,,,,,,
최경용,Wed,30,,,,,,,,,,,,,,,,,,,,,
대한민국_제21대_국회의원_선거_비례대표_배분_방법,Tue,30,,,,,,,,,,,,,,,,,,,,,
오현경_(1936년),Tue,30,,,,,,,,,,,,,,,,,,,,,
피도_눈물도_없이_(드라마),Tue,30,,,,,,,,,,,,,,,,,,,,,
세월호_침몰_사고,Fri,30,,,,,,,,,,,,,,,,,,,,,
HTML,Thu,30,,,,,,,,,,,,,,,,,,,,,
대한민국의_국민연금,Fri,30,,,,,,,,,,,,,,,,,,,,,
싱가포르,Mon,30,,,,,,,,,,,,,,,,,,,,,
최경용,Sun,30,,,,,,,,,,,,,,,,,,,,,
김신영,Mon,30,,,,,,,,,,,,,,,,,,,,,
1954년_크림반도_이양,Fri,30,,,,,,,,,,,,,,,,,,,,,
앨릭_볼드윈,Wed,30,,,,,,,,,,,,,,,,,,,,,
베트남,Fri,29,,,,,,,,,,,,,,,,,,,,,
성남시_분당구_갑,Mon,29,,,,,,,,,,,,,,,,,,,,,
파이썬,Wed,29,,,,,,,,,,,,,,,,,,,,,
로드_하우스_(2024년_영화),Sat,29,,,,,,,,,,,,,,,,,,,,,
중앙_처리_장치,Fri,29,,,,,,,,,,,,,,,,,,,,,
키이우_레닌_기념비의_붕괴,Fri,29,,,,,,,,,,,,,,,,,,,,,
파묘,Sat,29,,,,,,,,,,,,,,,,,,,,,
필로티,Fri,29,,,,,,,,,,,,,,,,,,,,,
엠마_스톤,Mon,29,,,,,,,,,,,,,,,,,,,,,
박정희,Tue,29,,,,,,,,,,,,,,,,,,,,,
박기량_(치어리더),Fri,29,,,,,,,,,,,,,,,,,,,,,
기후변화,Thu,29,,,,,,,,,,,,,,,,,,,,,
지구_온난화,Wed,29,,,,,,,,,,,,,,,,,,,,,
멱살_한번_잡힙시다,Tue,29,,,,,,,,,,,,,,,,,,,,,
성_김,Mon,29,,,,,,,,,,,,,,,,,,,,,
오재원,Fri,29,,,,,,,,,,,,,,,,,,,,,
윌리엄_모리스,Mon,29,,,,,,,,,,,,,,,,,,,,,
원소_목록,Thu,29,,,,,,,,,,,,,,,,,,,,,
리아_(대한민국의_가수),Tue,29,,,,,,,,,,,,,,,,,,,,,
서승진,Mon,29,,,,,,,,,,,,,,,,,,,,,
Stdio.h,Mon,29,,,,,,,,,,,,,,,,,,,,,
2015년,Wed,29,,,,,,,,,,,,,,,,,,,,,
산소,Wed,29,,,,,,,,,,,,,,,,,,,,,
용기의_부대,Tue,29,,,,,,,,,,,,,,,,,,,,,
서윤아,Thu,29,,,,,,,,,,,,,,,,,,,,,
아두이노,Mon,29,,,,,,,,,,,,,,,,,,,,,
겨울철의_별자리,Tue,29,,,,,,,,,,,,,,,,,,,,,
오스트레일리아,Wed,29,,,,,,,,,,,,,,,,,,,,,
바이낸스,Fri,29,,,,,,,,,,,,,,,,,,,,,
카카오톡,Sat,29,,,,,,,,,,,,,,,,,,,,,
파로,Tue,29,,,,,,,,,,,,,,,,,,,,,
원소_목록,Wed,29,,,,,,,,,,,,,,,,,,,,,
크리스토퍼_놀란,Mon,29,,,,,,,,,,,,,,,,,,,,,
오스트레일리아의_날,Mon,29,,,,,,,,,,,,,,,,,,,,,
2032년_하계_올림픽,Tue,29,,,,,,,,,,,,,,,,,,,,,
홈택스,Mon,29,,,,,,,,,,,,,,,,,,,,,
4·19_혁명,Tue,29,,,,,,,,,,,,,,,,,,,,,
비례대표제,Thu,29,,,,,,,,,,,,,,,,,,,,,
김영주_(1955년),Sun,29,,,,,,,,,,,,,,,,,,,,,
한소희,Fri,29,,,,,,,,,,,,,,,,,,,,,
국제_기념일,Fri,29,,,,,,,,,,,,,,,,,,,,,
계양구_을,Fri,29,,,,,,,,,,,,,,,,,,,,,
김동훈_(배우),Tue,29,,,,,,,,,,,,,,,,,,,,,
업비트,Mon,28,,,,,,,,,,,,,,,,,,,,,
윤동주,Fri,28,,,,,,,,,,,,,,,,,,,,,
대한민국의_국가,Fri,28,,,,,,,,,,,,,,,,,,,,,
화성,Mon,28,,,,,,,,,,,,,,,,,,,,,
지구_온난화,Fri,28,,,,,,,,,,,,,,,,,,,,,
김주하,Mon,28,,,,,,,,,,,,,,,,,,,,,
강선영,Tue,28,,,,,,,,,,,,,,,,,,,,,
상나라,Fri,28,,,,,,,,,,,,,,,,,,,,,
KS_X_1001의_특수_문자,Tue,28,,,,,,,,,,,,,,,,,,,,,
디지몬_고스트_게임,Mon,28,,,,,,,,,,,,,,,,,,,,,
윤석열,Tue,28,,,,,,,,,,,,,,,,,,,,,
문익환,Mon,28,,,,,,,,,,,,,,,,,,,,,
대한민국의_행정_구역,Thu,28,,,,,,,,,,,,,,,,,,,,,
카라라_대리석,Mon,28,,,,,,,,,,,,,,,,,,,,,
강민영_(배우),Wed,28,,,,,,,,,,,,,,,,,,,,,
파이썬,Mon,28,,,,,,,,,,,,,,,,,,,,,
오마초등학교,Mon,28,,,,,,,,,,,,,,,,,,,,,
투석기,Tue,28,,,,,,,,,,,,,,,,,,,,,
지구,Fri,28,,,,,,,,,,,,,,,,,,,,,
대한민국의_대통령_목록,Mon,28,,,,,,,,,,,,,,,,,,,,,
김수현_(1988년),Mon,28,,,,,,,,,,,,,,,,,,,,,
패스트_라이브즈,Mon,28,,,,,,,,,,,,,,,,,,,,,
주기율표,Sun,28,,,,,,,,,,,,,,,,,,,,,
부동소수점,Fri,28,,,,,,,,,,,,,,,,,,,,,
다니엘_튜더,Mon,28,,,,,,,,,,,,,,,,,,,,,
원더풀_월드,Sat,28,,,,,,,,,,,,,,,,,,,,,
다음,Sun,28,,,,,,,,,,,,,,,,,,,,,
이우리,Sat,28,,,,,,,,,,,,,,,,,,,,,
김승수_(배우),Mon,28,,,,,,,,,,,,,,,,,,,,,
산소,Fri,28,,,,,,,,,,,,,,,,,,,,,
구글_클래스룸,Wed,28,,,,,,,,,,,,,,,,,,,,,
소셜_로봇,Wed,28,,,,,,,,,,,,,,,,,,,,,
박은정_(검사),Mon,28,,,,,,,,,,,,,,,,,,,,,
정맥_인식,Fri,28,,,,,,,,,,,,,,,,,,,,,
배타적_경제_수역,Thu,28,,,,,,,,,,,,,,,,,,,,,
9·11_테러,Sun,28,,,,,,,,,,,,,,,,,,,,,
손흥민,Thu,28,,,,,,,,,,,,,,,,,,,,,
황운하,Fri,28,,,,,,,,,,,,,,,,,,,,,
1975년_메이저_리그_베이스볼_시즌,Sun,27,,,,,,,,,,,,,,,,,,,,,
쿠팡,Sat,27,,,,,,,,,,,,,,,,,,,,,
프레데리크_쇼팽,Fri,27,,,,,,,,,,,,,,,,,,,,,
이한복_(춘천_기업인),Sat,27,,,,,,,,,,,,,,,,,,,,,
스마트폰,Tue,27,,,,,,,,,,,,,,,,,,,,,
제4차_산업혁명,Wed,27,,,,,,,,,,,,,,,,,,,,,
가운뎃점,Tue,27,,,,,,,,,,,,,,,,,,,,,
4·19_혁명,Wed,27,,,,,,,,,,,,,,,,,,,,,
권향엽,Tue,27,,,,,,,,,,,,,,,,,,,,,
안귀령,Fri,27,,,,,,,,,,,,,,,,,,,,,
중앙응급의료센터,Mon,27,,,,,,,,,,,,,,,,,,,,,
2014년_크림_주민투표,Fri,27,,,,,,,,,,,,,,,,,,,,,
김영주_(1955년),Wed,27,,,,,,,,,,,,,,,,,,,,,
홍익표_(1967년),Tue,27,,,,,,,,,,,,,,,,,,,,,
용인시_갑,Fri,27,,,,,,,,,,,,,,,,,,,,,
지층,Wed,27,,,,,,,,,,,,,,,,,,,,,
증강_현실,Tue,27,,,,,,,,,,,,,,,,,,,,,
알리익스프레스,Mon,27,,,,,,,,,,,,,,,,,,,,,
박광온,Thu,27,,,,,,,,,,,,,,,,,,,,,
최성은,Wed,27,,,,,,,,,,,,,,,,,,,,,
신성훈,Fri,27,,,,,,,,,,,,,,,,,,,,,
조선민주주의인민공화국,Thu,27,,,,,,,,,,,,,,,,,,,,,
양산시장,Tue,27,,,,,,,,,,,,,,,,,,,,,
박지은_(작가),Mon,27,,,,,,,,,,,,,,,,,,,,,
7인의_부활,Sat,27,,,,,,,,,,,,,,,,,,,,,
메타버스,Fri,27,,,,,,,,,,,,,,,,,,,,,
이승만,Fri,27,,,,,,,,,,,,,,,,,,,,,
셀린_송,Thu,27,,,,,,,,,,,,,,,,,,,,,
노환규,Mon,27,,,,,,,,,,,,,,,,,,,,,
산소,Thu,27,,,,,,,,,,,,,,,,,,,,,
요한_볼프강_되베라이너,Mon,27,,,,,,,,,,,,,,,,,,,,,
토렌트,Mon,27,,,,,,,,,,,,,,,,,,,,,
산소,Mon,27,,,,,,,,,,,,,,,,,,,,,
이승만,Mon,27,,,,,,,,,,,,,,,,,,,,,
CSS,Thu,27,,,,,,,,,,,,,,,,,,,,,
이명재_(축구_선수),Mon,27,,,,,,,,,,,,,,,,,,,,,
엔비디아,Thu,27,,,,,,,,,,,,,,,,,,,,,
도리아_(음식),Tue,27,,,,,,,,,,,,,,,,,,,,,
대한민국의_인구순_도시_목록,Thu,27,,,,,,,,,,,,,,,,,,,,,
정보과학,Tue,27,,,,,,,,,,,,,,,,,,,,,
I_(켄드릭_라마의_노래),Wed,27,,,,,,,,,,,,,,,,,,,,,
노정현,Thu,27,,,,,,,,,,,,,,,,,,,,,
해왕성,Tue,27,,,,,,,,,,,,,,,,,,,,,
2004년_하계_올림픽_미국_선수단,Wed,27,,,,,,,,,,,,,,,,,,,,,
기계_번역,Fri,26,,,,,,,,,,,,,,,,,,,,,
토렌트,Sat,26,,,,,,,,,,,,,,,,,,,,,
2023년,Tue,26,,,,,,,,,,,,,,,,,,,,,
지능형_에이전트,Mon,26,,,,,,,,,,,,,,,,,,,,,
임유진_(1981년),Wed,26,,,,,,,,,,,,,,,,,,,,,
히라가나,Mon,26,,,,,,,,,,,,,,,,,,,,,
종려주일,Thu,26,,,,,,,,,,,,,,,,,,,,,
2024년_미국_대통령_선거,Wed,26,,,,,,,,,,,,,,,,,,,,,
아일릿,Mon,26,,,,,,,,,,,,,,,,,,,,,
조국혁신당,Sat,26,,,,,,,,,,,,,,,,,,,,,
드미트리_멘델레예프,Tue,26,,,,,,,,,,,,,,,,,,,,,
대한민국_제21대_국회의원_선거_더불어민주당_후보_목록,Wed,26,,,,,,,,,,,,,,,,,,,,,
2024년_대한민국의_텔레비전_드라마_목록,Fri,26,,,,,,,,,,,,,,,,,,,,,
Hey_Mama,Mon,26,,,,,,,,,,,,,,,,,,,,,
국제전화_국가_번호,Fri,26,,,,,,,,,,,,,,,,,,,,,
구글_번역,Sat,26,,,,,,,,,,,,,,,,,,,,,
질소,Tue,26,,,,,,,,,,,,,,,,,,,,,
아테네_학당,Mon,26,,,,,,,,,,,,,,,,,,,,,
장프랑수아_밀레,Fri,26,,,,,,,,,,,,,,,,,,,,,
니콜라_테슬라,Tue,26,,,,,,,,,,,,,,,,,,,,,
표준정규분포표,Fri,26,,,,,,,,,,,,,,,,,,,,,
한소희,Tue,26,,,,,,,,,,,,,,,,,,,,,
대한간호조무사협회,Wed,26,,,,,,,,,,,,,,,,,,,,,
척준경,Wed,26,,,,,,,,,,,,,,,,,,,,,
윤석열,Wed,26,,,,,,,,,,,,,,,,,,,,,
태국_축구_국가대표팀,Fri,26,,,,,,,,,,,,,,,,,,,,,
수학_기호,Tue,26,,,,,,,,,,,,,,,,,,,,,
이정후,Sun,26,,,,,,,,,,,,,,,,,,,,,
에펨코리아,Thu,26,,,,,,,,,,,,,,,,,,,,,
쿠팡,Sun,26,,,,,,,,,,,,,,,,,,,,,
전공의,Tue,26,,,,,,,,,,,,,,,,,,,,,
서천군수,Sat,26,,,,,,,,,,,,,,,,,,,,,
사순절,Fri,26,,,,,,,,,,,,,,,,,,,,,
1971년_메이저_리그_베이스볼_시즌,Sun,26,,,,,,,,,,,,,,,,,,,,,
OPML,Wed,26,,,,,,,,,,,,,,,,,,,,,
가운뎃점,Wed,26,,,,,,,,,,,,,,,,,,,,,
광산구_갑,Mon,26,,,,,,,,,,,,,,,,,,,,,
세종특별자치시_갑,Mon,26,,,,,,,,,,,,,,,,,,,,,
비비_(대한민국의_가수),Tue,26,,,,,,,,,,,,,,,,,,,,,
전종서,Tue,26,,,,,,,,,,,,,,,,,,,,,
치지직,Wed,25,,,,,,,,,,,,,,,,,,,,,
삼체_(소설),Mon,25,,,,,,,,,,,,,,,,,,,,,
아이피큐,Wed,25,,,,,,,,,,,,,,,,,,,,,
강감찬,Sun,25,,,,,,,,,,,,,,,,,,,,,
MZ세대,Fri,25,,,,,,,,,,,,,,,,,,,,,
나무위키,Mon,25,,,,,,,,,,,,,,,,,,,,,
성남시_분당구_갑,Wed,25,,,,,,,,,,,,,,,,,,,,,
고양이,Fri,25,,,,,,,,,,,,,,,,,,,,,
별이_빛나는_우리,Thu,25,,,,,,,,,,,,,,,,,,,,,
안중근,Fri,25,,,,,,,,,,,,,,,,,,,,,
몬테네그로,Fri,25,,,,,,,,,,,,,,,,,,,,,
정준영,Wed,25,,,,,,,,,,,,,,,,,,,,,
눈물의_여왕,Wed,25,,,,,,,,,,,,,,,,,,,,,
엔젤로보틱스,Tue,25,,,,,,,,,,,,,,,,,,,,,
드래곤볼,Tue,25,,,,,,,,,,,,,,,,,,,,,
양정아,Thu,25,,,,,,,,,,,,,,,,,,,,,
박동규,Tue,25,,,,,,,,,,,,,,,,,,,,,
대한민국의_국민연금,Wed,25,,,,,,,,,,,,,,,,,,,,,
수학_기호,Thu,25,,,,,,,,,,,,,,,,,,,,,
보이차,Tue,25,,,,,,,,,,,,,,,,,,,,,
지능형_에이전트,Tue,25,,,,,,,,,,,,,,,,,,,,,
장프랑수아_밀레,Thu,25,,,,,,,,,,,,,,,,,,,,,
화이트데이,Wed,25,,,,,,,,,,,,,,,,,,,,,
용혜인,Thu,25,,,,,,,,,,,,,,,,,,,,,
조수진_(정치인),Mon,25,,,,,,,,,,,,,,,,,,,,,
알리익스프레스,Thu,25,,,,,,,,,,,,,,,,,,,,,
조선민주주의인민공화국,Wed,25,,,,,,,,,,,,,,,,,,,,,
대한민국_제21대_국회의원_선거_더불어민주당_후보_목록,Thu,25,,,,,,,,,,,,,,,,,,,,,
화성시_을,Wed,25,,,,,,,,,,,,,,,,,,,,,
상용_소프트웨어,Fri,25,,,,,,,,,,,,,,,,,,,,,
관암사,Sat,25,,,,,,,,,,,,,,,,,,,,,
푸젠성,Thu,25,,,,,,,,,,,,,,,,,,,,,
자바스크립트,Tue,25,,,,,,,,,,,,,,,,,,,,,
봄,Wed,25,,,,,,,,,,,,,,,,,,,,,
양향자,Thu,25,,,,,,,,,,,,,,,,,,,,,
조국_(법학자),Sun,25,,,,,,,,,,,,,,,,,,,,,
하버법,Thu,25,,,,,,,,,,,,,,,,,,,,,
스펙트럼,Wed,25,,,,,,,,,,,,,,,,,,,,,
포인트로버츠,Sat,25,,,,,,,,,,,,,,,,,,,,,
전현희,Sat,25,,,,,,,,,,,,,,,,,,,,,
파이썬,Fri,25,,,,,,,,,,,,,,,,,,,,,
해상도,Thu,25,,,,,,,,,,,,,,,,,,,,,
스노보드,Fri,25,,,,,,,,,,,,,,,,,,,,,
계산기,Tue,25,,,,,,,,,,,,,,,,,,,,,
용혜인,Wed,25,,,,,,,,,,,,,,,,,,,,,
본초_자오선,Thu,25,,,,,,,,,,,,,,,,,,,,,
미녀와_순정남,Sun,25,,,,,,,,,,,,,,,,,,,,,
양문석,Mon,25,,,,,,,,,,,,,,,,,,,,,
엔비디아,Tue,25,,,,,,,,,,,,,,,,,,,,,
일본,Thu,25,,,,,,,,,,,,,,,,,,,,,
양정아,Sun,25,,,,,,,,,,,,,,,,,,,,,
윤덕영,Sat,25,,,,,,,,,,,,,,,,,,,,,
수소,Mon,25,,,,,,,,,,,,,,,,,,,,,
비례대표제,Mon,25,,,,,,,,,,,,,,,,,,,,,
권도형,Mon,25,,,,,,,,,,,,,,,,,,,,,
싱가포르,Tue,25,,,,,,,,,,,,,,,,,,,,,
배현진,Thu,25,,,,,,,,,,,,,,,,,,,,,
기동전사_건담_SEED_FREEDOM,Thu,25,,,,,,,,,,,,,,,,,,,,,
이우리,Mon,25,,,,,,,,,,,,,,,,,,,,,
대한민국_제22대_국회의원_선거,Sat,24,,,,,,,,,,,,,,,,,,,,,
J._로버트_오펜하이머,Mon,24,,,,,,,,,,,,,,,,,,,,,
1970년_메이저_리그_베이스볼_시즌,Sun,24,,,,,,,,,,,,,,,,,,,,,
김형권,Sun,24,,,,,,,,,,,,,,,,,,,,,
파동,Wed,24,,,,,,,,,,,,,,,,,,,,,
강지영_(아나운서),Mon,24,,,,,,,,,,,,,,,,,,,,,
김태형_(정치인),Thu,24,,,,,,,,,,,,,,,,,,,,,
이국종,Fri,24,,,,,,,,,,,,,,,,,,,,,
소프트웨어,Thu,24,,,,,,,,,,,,,,,,,,,,,
콜로세움,Wed,24,,,,,,,,,,,,,,,,,,,,,
석회암,Fri,24,,,,,,,,,,,,,,,,,,,,,
강서구_을,Sun,24,,,,,,,,,,,,,,,,,,,,,
지효,Mon,24,,,,,,,,,,,,,,,,,,,,,
경찰_계급,Thu,24,,,,,,,,,,,,,,,,,,,,,
앙리_마티스,Tue,24,,,,,,,,,,,,,,,,,,,,,
나라장터,Fri,24,,,,,,,,,,,,,,,,,,,,,
체스_규칙,Mon,24,,,,,,,,,,,,,,,,,,,,,
타지키스탄,Mon,24,,,,,,,,,,,,,,,,,,,,,
김영춘_(1962년),Mon,24,,,,,,,,,,,,,,,,,,,,,
전두환,Wed,24,,,,,,,,,,,,,,,,,,,,,
KS_X_1001의_특수_문자,Fri,24,,,,,,,,,,,,,,,,,,,,,
필라델피아_제헌회의,Mon,24,,,,,,,,,,,,,,,,,,,,,
원주율,Fri,24,,,,,,,,,,,,,,,,,,,,,
가운뎃점,Thu,24,,,,,,,,,,,,,,,,,,,,,
계양구_을,Tue,24,,,,,,,,,,,,,,,,,,,,,
대한민국_제21대_국회의원_선거_더불어민주당_후보_목록,Fri,24,,,,,,,,,,,,,,,,,,,,,
잉글랜드_웨일스,Wed,24,,,,,,,,,,,,,,,,,,,,,
고양시_정,Tue,24,,,,,,,,,,,,,,,,,,,,,
젠트,Thu,24,,,,,,,,,,,,,,,,,,,,,
개혁신당_(2024년),Thu,24,,,,,,,,,,,,,,,,,,,,,
문화대혁명,Wed,24,,,,,,,,,,,,,,,,,,,,,
이육사,Fri,24,,,,,,,,,,,,,,,,,,,,,
손재학_(1961년),Mon,24,,,,,,,,,,,,,,,,,,,,,
치지직,Sat,24,,,,,,,,,,,,,,,,,,,,,
실리콘_밸리,Mon,24,,,,,,,,,,,,,,,,,,,,,
1977년_메이저_리그_베이스볼_시즌,Sun,24,,,,,,,,,,,,,,,,,,,,,
아일릿,Sun,24,,,,,,,,,,,,,,,,,,,,,
기술,Mon,24,,,,,,,,,,,,,,,,,,,,,
오타니_쇼헤이,Thu,24,,,,,,,,,,,,,,,,,,,,,
개혁신당_(2024년),Mon,24,,,,,,,,,,,,,,,,,,,,,
제11기_최고인민회의_대의원_선거,Sun,24,,,,,,,,,,,,,,,,,,,,,
베슬_(구조물),Tue,24,,,,,,,,,,,,,,,,,,,,,
제시_린가드,Mon,24,,,,,,,,,,,,,,,,,,,,,
한림연예예술고등학교,Fri,24,,,,,,,,,,,,,,,,,,,,,
대한민국_제21대_국회의원_선거_더불어민주당_후보_목록,Mon,24,,,,,,,,,,,,,,,,,,,,,
TCP/UDP의_포트_목록,Thu,24,,,,,,,,,,,,,,,,,,,,,
볼티모어,Wed,24,,,,,,,,,,,,,,,,,,,,,
미녀와_순정남,Mon,23,,,,,,,,,,,,,,,,,,,,,
전두환,Mon,23,,,,,,,,,,,,,,,,,,,,,
그레타_리,Mon,23,,,,,,,,,,,,,,,,,,,,,
대한민국,Sat,23,,,,,,,,,,,,,,,,,,,,,
KS_X_1001의_특수_문자,Thu,23,,,,,,,,,,,,,,,,,,,,,
치지직,Fri,23,,,,,,,,,,,,,,,,,,,,,
미노이,Thu,23,,,,,,,,,,,,,,,,,,,,,
손석구,Wed,23,,,,,,,,,,,,,,,,,,,,,
제윤경,Wed,23,,,,,,,,,,,,,,,,,,,,,
대한민국,Sun,23,,,,,,,,,,,,,,,,,,,,,
박정희,Wed,23,,,,,,,,,,,,,,,,,,,,,
KS_X_1001의_특수_문자,Mon,23,,,,,,,,,,,,,,,,,,,,,
제4차_산업혁명,Thu,23,,,,,,,,,,,,,,,,,,,,,
황선홍,Mon,23,,,,,,,,,,,,,,,,,,,,,
수소,Tue,23,,,,,,,,,,,,,,,,,,,,,
베트남,Wed,23,,,,,,,,,,,,,,,,,,,,,
지능형_에이전트,Thu,23,,,,,,,,,,,,,,,,,,,,,
윤석열,Mon,23,,,,,,,,,,,,,,,,,,,,,
2014년_흐루셰우스키_가_봉기,Fri,23,,,,,,,,,,,,,,,,,,,,,
세월호_침몰_사고,Wed,23,,,,,,,,,,,,,,,,,,,,,
에릭_카먼,Wed,23,,,,,,,,,,,,,,,,,,,,,
이명희_(1943년),Fri,23,,,,,,,,,,,,,,,,,,,,,
ISO_8601,Mon,23,,,,,,,,,,,,,,,,,,,,,
전두환,Fri,23,,,,,,,,,,,,,,,,,,,,,
파묘,Wed,23,,,,,,,,,,,,,,,,,,,,,
증강_현실,Wed,23,,,,,,,,,,,,,,,,,,,,,
특별자치도,Tue,23,,,,,,,,,,,,,,,,,,,,,
베이스64,Thu,23,,,,,,,,,,,,,,,,,,,,,
부활절,Wed,23,,,,,,,,,,,,,,,,,,,,,
소프트웨어의_종류,Fri,23,,,,,,,,,,,,,,,,,,,,,
밀도,Tue,23,,,,,,,,,,,,,,,,,,,,,
GPT_(언어_모델),Fri,23,,,,,,,,,,,,,,,,,,,,,
엘리자베스_2세,Thu,23,,,,,,,,,,,,,,,,,,,,,
덕덕고,Tue,23,,,,,,,,,,,,,,,,,,,,,
해바라기,Thu,23,,,,,,,,,,,,,,,,,,,,,
딥페이크,Tue,23,,,,,,,,,,,,,,,,,,,,,
윤소정_(배우),Tue,23,,,,,,,,,,,,,,,,,,,,,
자바스크립트,Thu,23,,,,,,,,,,,,,,,,,,,,,
조두순,Fri,23,,,,,,,,,,,,,,,,,,,,,
인,Mon,23,,,,,,,,,,,,,,,,,,,,,
호산나,Sat,23,,,,,,,,,,,,,,,,,,,,,
프로그래밍_언어의_역사,Wed,23,,,,,,,,,,,,,,,,,,,,,
디지털_리터러시,Fri,23,,,,,,,,,,,,,,,,,,,,,
태양,Fri,23,,,,,,,,,,,,,,,,,,,,,
남희석,Tue,23,,,,,,,,,,,,,,,,,,,,,
김건희,Mon,23,,,,,,,,,,,,,,,,,,,,,
이선주,Fri,23,,,,,,,,,,,,,,,,,,,,,
김지원_(배우),Mon,23,,,,,,,,,,,,,,,,,,,,,
미필적_고의,Tue,23,,,,,,,,,,,,,,,,,,,,,
새로운미래,Mon,23,,,,,,,,,,,,,,,,,,,,,
셀린_송,Sat,23,,,,,,,,,,,,,,,,,,,,,
수학_기호,Fri,23,,,,,,,,,,,,,,,,,,,,,
실리콘_밸리,Fri,23,,,,,,,,,,,,,,,,,,,,,
상주시,Mon,23,,,,,,,,,,,,,,,,,,,,,
바이트,Tue,23,,,,,,,,,,,,,,,,,,,,,
러브캐처,Mon,23,,,,,,,,,,,,,,,,,,,,,
키루스_원통,Thu,23,,,,,,,,,,,,,,,,,,,,,
이주빈,Tue,23,,,,,,,,,,,,,,,,,,,,,
깨진_유리창_이론,Tue,23,,,,,,,,,,,,,,,,,,,,,
제2차_세계_대전,Mon,23,,,,,,,,,,,,,,,,,,,,,
헬륨,Tue,23,,,,,,,,,,,,,,,,,,,,,
구글_클래스룸,Thu,23,,,,,,,,,,,,,,,,,,,,,
조수진_(정치인),Thu,23,,,,,,,,,,,,,,,,,,,,,
소프트웨어의_종류,Tue,23,,,,,,,,,,,,,,,,,,,,,
홍록기,Fri,23,,,,,,,,,,,,,,,,,,,,,
과학,Fri,23,,,,,,,,,,,,,,,,,,,,,
아스피린,Thu,23,,,,,,,,,,,,,,,,,,,,,
오타니_쇼헤이,Tue,23,,,,,,,,,,,,,,,,,,,,,
삼체,Thu,23,,,,,,,,,,,,,,,,,,,,,
미스트롯_3,Fri,23,,,,,,,,,,,,,,,,,,,,,
브로슈어,Thu,23,,,,,,,,,,,,,,,,,,,,,
Girlfriend_(에이브릴_라빈의_노래),Tue,23,,,,,,,,,,,,,,,,,,,,,
황대헌,Tue,23,,,,,,,,,,,,,,,,,,,,,
Kendrick_Lamar_EP,Wed,23,,,,,,,,,,,,,,,,,,,,,
대한민국_제21대_국회의원_선거,Sat,22,,,,,,,,,,,,,,,,,,,,,
이승우_(축구_선수),Mon,22,,,,,,,,,,,,,,,,,,,,,
효심이네_각자도생,Mon,22,,,,,,,,,,,,,,,,,,,,,
스페인_독감,Sat,22,,,,,,,,,,,,,,,,,,,,,
딥페이크,Mon,22,,,,,,,,,,,,,,,,,,,,,
안귀령,Thu,22,,,,,,,,,,,,,,,,,,,,,
민족대표_33인,Fri,22,,,,,,,,,,,,,,,,,,,,,
베트남의_국기,Mon,22,,,,,,,,,,,,,,,,,,,,,
에펠탑,Wed,22,,,,,,,,,,,,,,,,,,,,,
삼체,Wed,22,,,,,,,,,,,,,,,,,,,,,
구글_클래스룸,Tue,22,,,,,,,,,,,,,,,,,,,,,
대한민국_제21대_국회의원_선거_비례대표_배분_방법,Wed,22,,,,,,,,,,,,,,,,,,,,,
백남준,Fri,22,,,,,,,,,,,,,,,,,,,,,
박준희_(가수),Fri,22,,,,,,,,,,,,,,,,,,,,,
춘분,Tue,22,,,,,,,,,,,,,,,,,,,,,
성남시_분당구_갑,Tue,22,,,,,,,,,,,,,,,,,,,,,
앨런_튜링,Tue,22,,,,,,,,,,,,,,,,,,,,,
이낙연,Fri,22,,,,,,,,,,,,,,,,,,,,,
나눗셈_정리,Thu,22,,,,,,,,,,,,,,,,,,,,,
염화_수소,Mon,22,,,,,,,,,,,,,,,,,,,,,
아이작_뉴턴,Tue,22,,,,,,,,,,,,,,,,,,,,,
안창호,Tue,22,,,,,,,,,,,,,,,,,,,,,
한국신용정보원,Thu,22,,,,,,,,,,,,,,,,,,,,,
C_(프로그래밍_언어),Thu,22,,,,,,,,,,,,,,,,,,,,,
박찬홍,Thu,22,,,,,,,,,,,,,,,,,,,,,
에펠탑,Mon,22,,,,,,,,,,,,,,,,,,,,,
전종서,Thu,22,,,,,,,,,,,,,,,,,,,,,
경칩,Tue,22,,,,,,,,,,,,,,,,,,,,,
사이버_폭력,Wed,22,,,,,,,,,,,,,,,,,,,,,
박정희,Fri,22,,,,,,,,,,,,,,,,,,,,,
안중근,Tue,22,,,,,,,,,,,,,,,,,,,,,
제1차_세계_대전,Tue,22,,,,,,,,,,,,,,,,,,,,,
나트륨,Fri,22,,,,,,,,,,,,,,,,,,,,,
경복궁,Tue,22,,,,,,,,,,,,,,,,,,,,,
지층,Thu,22,,,,,,,,,,,,,,,,,,,,,
대한민국_제22대_국회의원_선거_여론_조사,Thu,22,,,,,,,,,,,,,,,,,,,,,
태국_축구_국가대표팀,Wed,22,,,,,,,,,,,,,,,,,,,,,
양자_컴퓨터,Mon,22,,,,,,,,,,,,,,,,,,,,,
빈센트_반_고흐,Fri,22,,,,,,,,,,,,,,,,,,,,,
배아현,Fri,22,,,,,,,,,,,,,,,,,,,,,
옌스_야코브_베르셀리우스,Wed,22,,,,,,,,,,,,,,,,,,,,,
혜리,Mon,22,,,,,,,,,,,,,,,,,,,,,
고사리,Thu,22,,,,,,,,,,,,,,,,,,,,,
TCP/UDP의_포트_목록,Mon,22,,,,,,,,,,,,,,,,,,,,,
노인과_바다,Thu,22,,,,,,,,,,,,,,,,,,,,,
대니_구,Sat,22,,,,,,,,,,,,,,,,,,,,,
일본,Tue,22,,,,,,,,,,,,,,,,,,,,,
2020년_엘라지_지진,Mon,22,,,,,,,,,,,,,,,,,,,,,
인도네시아,Tue,22,,,,,,,,,,,,,,,,,,,,,
미국,Wed,22,,,,,,,,,,,,,,,,,,,,,
빈센트_반_고흐,Mon,22,,,,,,,,,,,,,,,,,,,,,
1972년_메이저_리그_베이스볼_시즌,Sun,22,,,,,,,,,,,,,,,,,,,,,
대한민국의_인터넷_신조어_목록,Thu,22,,,,,,,,,,,,,,,,,,,,,
문화대혁명,Tue,22,,,,,,,,,,,,,,,,,,,,,
명진,Mon,22,,,,,,,,,,,,,,,,,,,,,
박용진_(정치인),Wed,22,,,,,,,,,,,,,,,,,,,,,
1978년_메이저_리그_베이스볼_시즌,Sun,22,,,,,,,,,,,,,,,,,,,,,
알리익스프레스,Tue,22,,,,,,,,,,,,,,,,,,,,,
창의성,Wed,22,,,,,,,,,,,,,,,,,,,,,
에탄올,Tue,22,,,,,,,,,,,,,,,,,,,,,
박정희,Thu,22,,,,,,,,,,,,,,,,,,,,,
영국,Fri,22,,,,,,,,,,,,,,,,,,,,,
김건희,Wed,22,,,,,,,,,,,,,,,,,,,,,
피라미드_게임_(드라마),Fri,22,,,,,,,,,,,,,,,,,,,,,
박진섭_(1995년),Wed,22,,,,,,,,,,,,,,,,,,,,,
알리익스프레스,Fri,22,,,,,,,,,,,,,,,,,,,,,
몰로키야,Sat,22,,,,,,,,,,,,,,,,,,,,,
1974년_메이저_리그_베이스볼_시즌,Sun,22,,,,,,,,,,,,,,,,,,,,,
이순재,Tue,22,,,,,,,,,,,,,,,,,,,,,
지구,Thu,22,,,,,,,,,,,,,,,,,,,,,
콜버그의_도덕_발달_단계,Mon,22,,,,,,,,,,,,,,,,,,,,,
바이낸스,Tue,22,,,,,,,,,,,,,,,,,,,,,
망치고등어,Tue,22,,,,,,,,,,,,,,,,,,,,,
평균값_정리,Sun,21,,,,,,,,,,,,,,,,,,,,,
